title,url,date,body
"NSHC, 스미싱·피싱으로 확산되는 ‘안드로이드 악성앱 제거’ 가이드 배포",https://www.epnc.co.kr/news/articleView.html?idxno=311621,2025-01-23,"[테크월드뉴스=이광재 기자] 정보보안 전문기업 엔에스에이치씨(이하 NSHC)가 스마트폰 사용시 악성앱 설치가 의심스러울 경우 사용자의 안전한 데이터 보호를 위한 ‘안드로이드 악성앱 제거’ 가이드를 배포한다고 밝혔다. 최근 스미싱 문자나 카카오톡 피싱 메시지를 통한 안드로이드 스마트폰 악성앱 감염 사례가 급증하고 있다. 택배 조회, 청첩장, 모바일 청구서 등을 사칭한 URL을 클릭하도록 유도하거나 지인을 사칭해 카카오톡으로 앱 설치를 요구하는 수법이 주로 사용되고 있다. 악성앱 설치가 의심되는 경우 조치방법 [자료=NSHC] 보안 전문가들은 이러한 악성앱 감염시 체계적인 대처의 중요성을 강조하고 있다. 이에 NSHC는 악성앱 설치가 의심스러울 경우를 대비해 안드로이드 스마트폰용 조치 방법 가이드를 제작 배포했다. 8가지 순차적인 조치 방법으로 비행기 모드 활성화, 안전모드 진입, 의심스러운앱 삭제, 관리자 권한 확인, 모바일 백신 검사, 비밀번호 변경, 소프트웨어 업데이트, (필요시)공장초기화 등을 안내했다. NSHC 관계자는 “출처가 불분명한 링크는 절대 클릭하지 말아야 하며 공식 앱 스토어가 아닌 경로를 통한 앱 설치는 지양해야 한다”며 의심스러운 메시지를 받았을 경우 즉시 한국인터넷진흥원(☎118)에 신고할 것을 당부했다. 회원가입 후 이용바랍니다. 좋아요 0 후속기사 원해요 0 도움되요 0 공유하고 싶어요 0 추천 1 0 개의 댓글 회원로그인 작성자 비밀번호 댓글 내용입력 0 / 400 등록 댓글 정렬 최신순 추천순 답글순 BEST댓글 BEST 댓글 답글과 추천수를 합산하여 자동으로 노출됩니다. 닫기 더보기 이광재 기자 (techdesk@techworld.co.kr) 기자의 다른기사 보기 저작권자 © 테크월드뉴스 무단전재 및 재배포 금지"
中 유학생 등록금에 계좌정지 날벼락…보이스피싱이라니,https://biz.heraldcorp.com/article/10438939?ref=naver,2025-03-19,박지영 기자 구독 + 김도윤 기자 구독 +
“연말정산 환급금 조회” 문자사기 조심하세요...설 연휴 사기 주의보,https://www.munhwa.com/news/view.html?no=2025011901039905098001,2025-02-11,Hot Poll 투표종료 오는 6월 3일 열리는 대통령 선거를 앞두고 많은 지방자치단체장이 출사표를 던지고 있습니다. 이에 대해 어떻게 생각하세요? 정치적 기회에 도전하는 것은 당연하다 23% (258명) 행정 공백 우려된다 77% (876명)
“집에서 간편하게 돈 벌어볼래요” SNS 부업 사기 극성,https://www.ichannela.com/news/main/news_detailPage.do?publishId=000000462959,2025-03-19,"Video Player is loading. Play Video Play Seek back 10 seconds Seek forward 10 seconds Mute Current Time 0:00 / Duration 1:04 Loaded : 5.98% 0:00 Stream Type LIVE Seek to live, currently behind live LIVE Remaining Time - 1:04 1x Playback Rate Chapters Chapters Descriptions descriptions off , selected Subtitles subtitles settings , opens subtitles settings dialog subtitles off , selected Audio Track default , selected Picture-in-Picture Fullscreen This is a modal window. Beginning of dialog window. Escape will cancel and close the window. Text Color White Black Red Green Blue Yellow Magenta Cyan Transparency Opaque Semi-Transparent Background Color Black White Red Green Blue Yellow Magenta Cyan Transparency Opaque Semi-Transparent Transparent Window Color Black White Red Green Blue Yellow Magenta Cyan Transparency Transparent Semi-Transparent Opaque Font Size 50% 75% 100% 125% 150% 175% 200% 300% 400% Text Edge Style None Raised Depressed Uniform Dropshadow Font Family Proportional Sans-Serif Monospace Sans-Serif Proportional Serif Monospace Serif Casual Script Small Caps Reset restore all settings to the default values Done Close Modal Dialog End of dialog window. 볼펜 조립, 음악 감상 등 하며 ""집에서 간편히 돈 벌어보라""는 부업 광고. 각종 SNS에서 한 번쯤 보신 적 있으실 텐데요. '더 알아보기'를 눌러볼까, 고민해보신 적 있으신가요? 그 손 잠깐 멈춰주세요. SNS 광고에 꼬여 돈 벌기는커녕 사기 당한 피해자들의 이야기가 이어집니다. 부업으로 돈 벌어보려다 오히려 사기를 당한 피해자들. <피해 사례#1> ""영상 보면 돈 줄게""…입금돼 믿었는데 사기 ""서울에 사는 30대 프리랜서입니다. 요새 불경기잖아요. '뭐라도 좀 해볼까' 이런 생각으로 연락했어요. 그런데 이틀 만에 3500만 원을 잃었습니다. 영상에 나온 것처럼 '볼펜 부업'을 하겠다고 했어요. 그런데 지금은 할 수 없다면서, 대신 영상을 보고 '조회수 올리는 미션'을 권유했어요. 하루 적게는 1천 원, 많게는 2만 원까지 번다고 하니, 시작해봤죠. 영상 링크 클릭해서 5~10초 보고 캡처해서 담당자한테 보내주면 그날 바로 포인트가 쌓였고 그 포인트가 돈으로 바뀌어 제 계좌로 들어오니 믿을 수밖에 없었어요. 이후 '고수익 미션' 방으로 들여보내 주더라고요. 처음에는 5만 원, 10만 원 정도 작은 금액으로 미션에 참가할 수 있었는데 점점 금액이 커지더니 150만 원 정도 큰 금액도 부르더라고요. 제한 시간 안에 입금이 안 되면 참가도 못하게 한다니, 급하게 돈을 구해 넣었고 결국 잃고 말았죠. 진짜 쉽게, 공짜로 돈을 벌려고 한 게 아니라 먹고 살아야 하니까 좀 벌어보려고 뭐라도 한 거거든요. 저는 주위에서 말려서 그나마 피해 금액이 적은 거고요. 억 대로 피해를 입은 분들도 많다고 합니다."" SNS로 연락을 주고 받을 수 있어 피해자 연령대는 10대 등 다양했다. <피해 사례#2> 절박한데 '2차 사기 업체' 연락까지 ""저는 통영 사는 20대, 입시생입니다. 대학 등록금으로 모으던 120만 원을 날려버렸습니다. 다른 분들이랑 사기 당한 방식은 비슷해요. 전 하루 만에 돈을 잃었습니다. 더 화나는 건 뭔지 아세요. 어쨌든, 돈을 찾고 싶잖아요. 그래서 온라인에 '부업 사기' 이런 걸 쳐봤어요. 그랬더니 '사기 강력 대응팀' 이런 게 있어서 연락 해봤어요. 마치 사기 대응을 도와줄 거 같던 이 업체는 '돈을 환급받을 수 있고, 대신 수수료 30%를 받는다'고 하더니 텔레그램으로 연락하자 하더라고요. 진행하겠다고 하자, 부업 사기에 이용된 계좌와 연관된 은행에 연락해서 '보이스피싱'을 당했으니 계좌를 동결해달라고 요청하래요. 이상해서 그만하겠다고 했어요. 사기 피해 줄여보려 한 건데 그 절박함을 이용해 또 사기를 치려고 하는 것 같아서 참담했습니다."" 지지부진한 경찰 수사에 도움 주겠다는 사설 업체에서 2차 사기 피해도 속출. <피해 사례 #3> ""경찰 수사 지지부진해 믿을 곳 없어"" ""저는 9500만 원을 피해본 30대 회사원입니다. 제 바람은 돈을 되찾는 것보다 경찰 수사를 제대로 해줬으면 하는 것입니다. 저뿐만 아니라 피해자도 계속 늘어나고 이게 분명 단순 사기가 아니라 조직 단위 사기임에도 정식 수사로 접수되기도 힘들고 구제 제도도 찾기 어렵습니다. 보이스피싱 범죄랑 다를 바는 없는데 '일반 사기'로 접수가 되거든요. 경찰이 제가 수익금을 더 벌 수 있다고 믿고 보낸 계좌 주인도 알고보니 '대포 통장' 피해자라고 합니다. 신고한 지 3주 정도 됐는데 지금 진행되는 상황도 없고 연락도 안 오고요. 너무 답답합니다. 아무 것도 할 수 없이 기다려야만 하는데 그동안 범인들은 다 도망가겠죠."" <전문가 ""신종 사기 대응 전담팀 꾸려라""> 배상훈 우석대학교 경찰행정학과 겸임교수는 온라인을 통한 이런 부업 사기는 '신종 사기'라고 진단합니다. 과제를 주고 일종의 가스라이팅을 하는 건 기존 '다단계 사기'와 비슷할 수 있지만, 온라인만 이용하고 경찰 수사를 피하기 위해 해외 서버를 둔 메신저를 이용하는 등 치밀한 사기 수법은 예방만으로 근절하기 어렵다는 겁니다. 배 교수는 경찰 내부에 '사기 대응 전담팀'이 꾸려져야 한다고 조언했습니다. 여러 금융 기법을 아는 전문 수사관들이 있을 때 피해 양상을 분석해 수사할 수 있다고 내다봤습니다. <3년 새 급증한 '부업 사기'…지난해 피해액만 11억 원 이상> 온라인 부업 사기는 지난 2022년부터 피해가 있었던 걸로 추정됩니다. 서울시 전자상거래센터에 신고된 피해 상담은 지난 2022년 4건에 불과했지만, 지난해(2024년)엔 121건으로 30배 늘었습니다. 피해 금액도 점점 증가하고 있습니다. 지난해 약 11억 6200만 원 집계됐습니다. 올해도 벌써 4건 피해 상담이 들어왔습니다. 서울시 전자상거래센터는 신고가 들어온 업체에 대해 사업자 등록 여부 등을 살펴 사기 업체인지 아닌지 등 상담을 진행합니다. 이후 가까운 경찰서에 신고할 수 있도록 절차도 안내합니다. 전화 상담(02-2133-4891~6)이나 전자상거래센터 홈페이지(ecc.seoul.go.kr)에서 온라인 상담이 가능합니다. '누구나 쉽게' 피해자가 될 수 있는 온라인 부업 사기. 광고를 통해 현혹되지 않도록 예방도 중요하지만, 신종 사기가 근절될 수 있는 국가적 대책도 시급해 보입니다. • 이혜주 기자 [plz@ichannela.com] • [채널A 뉴스] 구독하기 Copyright Ⓒ 채널A. All rights reserved. 무단 전재, 재배포 및 AI학습 이용 금지"
"""현금 입금 요구 안해요""…대기업 '사칭주의보' 발동",https://www.ebn.co.kr/news/articleView.html?idxno=1646675,2025-01-13,"[포토] 기술보증,'중기지원 맞수' 기업은행과 협약"
"""대수롭잖게 생각했는데""…청년들 울리는 보이스피싱",https://www.newspim.com/news/view/20250110000743,2025-01-13,"하트넷 ""美 30년물 이제 사라…역발상 기회"""
"""민생지원금 지급"" 미끼 스미싱 범죄 기승…전주시, 고발 조치",https://www.news1.kr/local/jeonbuk/5669701,2025-01-23,"(전주=뉴스1) 장수인 기자 = 민생지원금을 지급한다는 가짜 정보를 미끼로 한 스미싱 범죄가 기승을 부리고 있어 각별한 주의가 요구된다. 전북자치도 전주시는 ""민생지원금을 지급한다는 허위 정보를 인터넷에 올린 후 무작위로 유포하는 사례를 확인하고, 강력 대응하기로 했다""고 22일 밝혔다. 시에 따르면 최근 인터넷 블로그와 카페에서 개인정보를 유도하는 사례가 발견되고 있다. 또 민생지원금을 지급한다는 거짓 정보를 올리고 대상자인지 확인하기 위해 개인정보를 요구하는 등의 사례도 확인됐다. 이에 시는 인터넷과 문자를 통해 무분별하게 유통되는 허위 정보를 차단하고, 시민들의 피해를 줄이기 위해 관련 내용을 수사기관에 고발 조치할 방침이다. 시는 또 무분별한 온라인상 유통이나 악의적인 허위 정보를 신속히 차단해 시민들의 불편을 최소화하고, 허위 정보로 인한 피해가 발생하지 않도록 대시민 홍보 활동도 병행할 예정이다. 임숙희 전주시 경제산업국장은 ""인터넷 허위 글과 스미싱이 연계된 피해 발생이 우려되는 만큼 시민들이 동요하지 않도록 노력하겠다""며 ""시민들께서도 경각심을 가지고 각별한 주의를 기울여달라""고 당부했다. soooin92@news1.kr 관련 키워드 전주 스미싱 민생지원금 장수인 기자 '1500년 역사' 무주 당산리 봉화 유적, 전북도 기념물로 지정 예고 '생활고 호소' 모녀 사망…익산시 ""위기가구 3년 집중 관리"""
"저금리 보이스피싱 피싱사기 성행, 연말연시 피싱사기 주의보",https://www.hankyung.com/article/2024123063455,2025-01-02,"최근 금융회사 직원을 사칭하며 무작위로 전화를 걸어 대출 관련 문자를 보내 문자 안에 적힌 번호로 전화를 하게 하여 저금리 대출 상품이 나왔다고 설명하며 돈을 편취하는 피싱 사례가 다수 확인되고 있다. 이들은 문자나 카카오톡 URL을 통해 개인정보를 입력하게 하거나 클릭과 동시에 핸드폰에 악성앱을 설치하여 원격조종을 통한 현금을 인출해 가고 신용점수 상향 명목으로 수수료를 요구하며 문자나 전화로 접근하는데, 이와 같은 대환 대출이 일반적이지 않은 사례라는 것은 잘 알지만, 고금리에 고통받는 일반인들이 생각보다 쉽게 속아 넘어가고 있다. 이와 관련해 최근 의정부지방법원 남양지원에서는 전기통신금융사기피해방지 및 피해금환급에 관한 특별법 위반 혐의로 기소된 A씨에 대해 징역 1년을 선고하기도 했다. ADVERTISEMENT 보이스피싱 사건, 특히 최근 변형된 보이스피싱 사건을 주로 맡고 있는 법무법인 리앤파트너스의 대표 이승재 형사전문변호사는 “최근 보이스피싱과 관련된 범죄는 아무리 모르고 가담했다고 하더라도, 또는 초범이라고 하더라도 징역형이 선고되는 사례가 굉장히 많다”고 지적한다. 자신이 한 일이 구체적으로 ‘보이스피싱’인 줄은 몰랐다고 하더라도 불법한 일을 하고 있다는 가능성을 조금이라도 인식할 수 밖에 없고, 아무리 자신이 대환 대출로 알고 사건에 가담한 것이라고 해도 이와 같은 방식이 일반적이지 않은 점들이 수사에서 드러나면, 결국 보이스피싱조직의 공범으로 볼 수 밖에 없다고 한다. 이 변호사에 따르면, 모르는 번호로 광고문자 등이 오면 일단 의심부터 하고 문자 내 링크 등은 절대 클릭해서는 안된다고 조언한다. 그리고 아무리 고액아르바이트라고 하더라도 비대면 면접이나 현금 직접 전달과 같이 일반적인 일자리 구인광고와는 조금이라도 다른 점이 있다면 보이스피싱과 관련된 일일 수 있으니, 가급적 멀리하는 것이 좋다고 조언한다. 박준식기자 parkjs@wowtv.co.kr"
몸캠피싱 피해 미성년자 ‘나홀로 협박 감당한다’,https://www.epnc.co.kr/news/articleView.html?idxno=310616,2025-01-02,"라바웨이브 “10중 8명 부모와 공유 안 해…2·3차 범죄 연루” 몸캠피싱 피해 미성년자들은 '나홀로' 협박을 감당하다 극단 선택에 이르기까지 한다. [그래픽=장영석 기자] [정리=테크월드뉴스 장영석 기자] 동영상, 이미지 등 성적인 콘텐츠 교환을 유도한 뒤 악성파일을 통해 피해자의 연락처와 SNS 정보를 획득, 이를 유포하겠다고 협박해 금전을 갈취하는 몸캠피싱 범죄는 첨단 기술을 악용하며 점점 더 교묘하고 악랄하게 변하고 있다. 디지털 범죄 대응 전문기업 라바웨이브의 미성년자 몸캠피싱 피해 상담 통계에 따르면 2022년(613건)부터 2023년(714건), 2024년(800건 이상)까지 미성년 피해자 문의 건수가 꾸준히 증가했지만 실제 상담과 보호로 이어지는 사례는 매우 적었다. 라바웨이브는 “몸캠피싱 피해 미성년자 10명 중 8명이 부모에게 피해 사실을 알리는 것을 꺼리고 상황을 방치하다 더 큰 피해를 입는 경우가 많다”고 설명했다. 이어 “부정적인 시선과 비난을 두려워한 나머지 상황을 방치한 대부분의 미성년 피해자는 가해자의 감당하기 어려운 요구들에 시달리며 2·3차 범죄에 연루되기도 한다”고 전했다. 이보다 심각한 문제는 몸캠피싱 피해 미성년자가 가해자의 집요한 협박에 못 견뎌 극단적 선택에 이르는 사례가 증가하고 있다는 점이다. 회원가입 후 이용바랍니다. 키워드 #몸캠피싱 #동영상 #악성파일 #성적 콘텐츠 #협박 #SNS #디지털 범죄 #피해 상담 #인포그래픽 좋아요 0 후속기사 원해요 0 도움되요 0 공유하고 싶어요 0 추천 0 0 개의 댓글 회원로그인 작성자 비밀번호 댓글 내용입력 0 / 400 등록 댓글 정렬 최신순 추천순 답글순 BEST댓글 BEST 댓글 답글과 추천수를 합산하여 자동으로 노출됩니다. 닫기 더보기 장영석 기자 (design@techworld.co.kr) 기자의 다른기사 보기 저작권자 © 테크월드뉴스 무단전재 및 재배포 금지"
‘화상면접 하자며 앱 깔라더니’…취준생 울리는 보이스피싱,https://www.donga.com/news/Society/article/all/20241217/130662494/2,2024-12-20,김승현 기자 구독
"""계엄 문건 있다"" 알고보니…클릭한 순간 이미 늦었다",https://www.hankyung.com/article/202501067296i,2025-01-13,"한경 로앤비즈의 'Law Street' 칼럼은 기업과 개인에게 실용적인 법률 지식을 제공합니다. 전문 변호사들이 조세, 상속, 노동, 공정거래, M&A, 금융 등 다양한 분야의 법률 이슈를 다루며, 주요 판결 분석도 제공합니다. 사진은 기사와 관련 없음.  /게티이미지뱅크 2025년 을사년 새해가 밝았습니다. 뱀의 지혜를 닮아 나라와 국민이 여러 어려움을 극복하고 더욱 도약하는 한 해가 되었으면 하는 바람입니다. 지난해는 국가적으로나 사회적으로 정말 혼란스러웠습니다. 특히 연말에 정치적 사태와 대형 인명피해까지 발생해 국민들의 불안한 심리가 더욱 가중되었습니다. 혼란한 상황과 그로 인한 사람들의 심리를 교묘히 이용하는 범죄, '보이스피싱'이 최근에 더욱 기승을 부리고 있습니다. 급기야 ""비상계엄 관련 방첩사령부의 계엄문건을 확보했다""고 문자 메시지나 메일을 발송해 첨부된 문서파일을 열면 휴대폰·컴퓨터에 악성코드 프로그램을 설치하거나 유해 사이트로 개인정보를 빼내는 수법까지 나오는 지경입니다. 연말연시는 가뜩이나 세금 납부 사실 확인이나 연하장·선물배송 등을 위장한 피싱 범죄가 집중되는 시기입니다. ADVERTISEMENT 진화하는 보이스피싱, 파생 범죄 '우수수' 피싱 범죄는 사회 상황과 기술 발전에 맞춰 그 수법이 계속 진화하고 있습니다. 수사기관이나 금융당국 직원을 사칭해 예금을 인출하게 만드는 전형적인 보이스피싱에서 서민과 취업준비생을 대상으로 대출이나 구매대행 아르바이트를 할 수 있게 해주겠다며 주머니 사정을 악용한 피싱 범죄도 있습니다. 최신 인공지능(AI) 딥페이크 기술을 이용해 가족 얼굴을 합성한 영상으로 협박해 돈을 갈취하는 수법까지 나오고 있습니다. 보이스피싱은 사기죄 이외에 여러 범죄를 파생시킵니다. 주로 외국에 거주하는 총책을 비롯해 기망책(콜센터), 현금 인출책 모두 사기죄의 공범입니다. 보이스피싱에 이용되는 계좌 즉 대포통장을 양도·유통하는 행위는 전자금융거래법 위반죄를 적용합니다. 또 유령법인 명의 계좌 개설 및 유통 행위는 공정증서원본 등의 부실기재죄 및 동행사죄가, 휴대폰 유심칩을 유통하는 행위는 전기통신사업법 위반죄가 성립합니다. 보이스피싱으로 얻은 범죄 수익금을 현금이나 가상자산 등으로 은닉해 추적하기 어렵게 자금을 세탁할 경우 사기죄와 별도로 범죄수익은닉법위반죄가 성립합니다. 만약 보이스피싱 범죄가 조직적으로 이루어진 것이 밝혀진다면 범죄단체로 의율되어 가중처벌까지 합니다. 사진=게티이미지뱅크 ADVERTISEMENT 검·경도 수사·처벌 한계 수사기관은 한해 수천억 원의 피해가 발생하는 보이스피싱 범죄를 대표적인 민생침해사범으로 보고 엄단하기 위해 각고의 노력을 기울이는 중입니다. 검찰은 보이스피싱 범죄의 양상이 조직범죄화하는 점에 주목해 대검찰청 강력부 조직범죄과에서 일선 검찰청 수사를 지휘하고 있습니다. 2022년 7월 서울동부지방검찰청에는 검찰, 경찰, 국세청, 관세청, 금융감독원 등으로 이뤄진 보이스피싱범죄정부합동수사단이 꾸려져 대규모 조직적 보이스피싱 범죄에 대해 직접수사를 하고 있습니다. 경찰 또한 일선 경찰서 수사과와 시도경찰청 사이버범죄수사대는 물론 인터폴을 통한 국제 수사 공조도 실시하고 있습니다. 필자가 검사로 재직 중이었을 때 하루 사법경찰관이 신청하는 계좌추적영장·통신영장의 절반 이상이 보이스피싱 범죄였을 정도로 수사력의 상당 부분을 보이스피싱 범죄 엄단에 쏟아붓고 있습니다. 다만 보이스피싱 범죄는 총책이나 콜센터가 대부분 외국에 있어 우리나라의 수사권이 미치기 힘들고, 가담자끼리 점조직화해 비대면 피싱 범죄로 진화하는 등 피해자가 범죄자의 인적 사항을 전혀 알 수 없어 추적이 어렵습니다. 피해금을 송금하자마자 곧바로 현금으로 인출하거나 암호화폐로 옮겨버려 은닉하기 때문에 범죄 수사 및 피해금 회수도 쉽지 않습니다. ADVERTISEMENT 보이스피싱으로 처벌받는 범죄자 대부분은 현금 인출책이나 대포통장·대포폰 개설책입니다. 사법기관도 이들에 대한 양형기준을 상향해 과거보다 더욱 엄하게 실형을 선고하고 있을 뿐입니다. 오죽하면 피해자가 직접 외국에 가서 범죄자들을 붙잡는 이야기가 영화로 만들어질 정도니까요. 사진=뉴스1 '예방' 힘쓰는 당국 2006년경 보이스피싱 범죄가 최초 발생한 이후 매해 3만여건, 수천억 원의 피해가 이어지고 있지만 수사 및 피해보상에는 한계가 있었습니다. 금융당국은 각종 제도를 개선해 범죄 피해 예방을 위해 노력하고 있습니다. △통신사기피해환급법에 따른 사기이용계좌 지급정지 제도 △현금자동입출금기(ATM) 현금입출금 한도액 제한 및 지연인출 제도 △비대면 입출금계좌 20일간 추가 개설 제한 제도 △대포폰 개설 방지를 위해 1인당 한 달 이내 최대 3회선으로 통신회선수 제한 제도 등이 만들어진 이유입니다. ADVERTISEMENT 경찰청은 신종 보이스피싱 수법으로 피해가 발생할 경우 언론이나 인터넷에 주의보를 게시하는 등 캠페인을 벌이고, '경찰청 시티즌코난 앱'을 개발·배포해 피해 예방을 돕고 있습니다. 검찰청에서도 검사 사칭 범죄를 막기 위해 서울중앙지방검찰청에 콜센터를 설치해 검사 사칭 여부를 확인할 수 있도록 안내하고 있습니다. 사회가 혼란할수록 더욱더 범정부 차원에서 고령층이나 경제적 취약계층이 피해자인 보이스피싱 범죄에 대한 수사와 피해 예방에 노력해야 할 것입니다. 김형수 법무법인 남산 변호사ㅣ 성균관대 법과대학을 졸업하고 동 대학원에서 상사법 석사 과정을 수료했다. 제40회 사법시험에 합격하고 제30기 사법연수원을 마쳤다. 검사로 임관해 법무부, 대검찰청, 서울중앙지검 부장검사 등 주요 보직을 거쳤다. 2019년 대검찰청 '서민다중피해범죄 대응 TF' 초대 팀장을 역임했다. 2024년 6월 부산지검 동부지청장을 마지막으로 22년간의 검사 생활을 마치고 법무법인 남산에 합류했다. 기업 자문과 더불어 지식재산권, 식품·의약, 건설·부동산, 가상자산 등 관련 형사사건을 담당하고 있다."
"""경찰입니다""… 보이스피싱 피해, 나이와 관계없어",https://www.moneys.co.kr/article/2024112913000071858,2025-01-02,"방기선 국무조정실장이 지난 7월8일 서울 종로구 정부서울청사에서 열린 보이스피싱·불법사금융 척결 합동TF 회의에 참석해 발언하고 있는 모습. /사진=뉴시스 ""금천경찰서 지능수사팀  ○○○ 경위입니다."" 기자가 실제로 들어본 '그놈 목소리'다. 처음 접해본 보이스피싱은 생각했던 것과는 달랐다. 드라마에서 보던 영락없는 '부산 사투리를 쓰는 전문적인 형사' 말투였다. 기자의 주민등록증 사본으로 누군가가 사기를 저질렀다며 참고인으로 진술해야 한다는 이야기를 늘어놓았다. 기자의 경우는 운좋게 실제 피해로 이어지지는 않았지만 보이스피싱 범죄에 대해 경각심을 갖는 계기가 됐다. 보이스피싱이라고 하면 흔히 떠올리는 모습은 개그프로그램에 등장하는 어수룩한 범인들일 것이다. 그들은 한국 사람이 아닌 것 같은 말씨에 수법도 단순해서 누구도 속지 않을 것만 같다. 이 같은 보이스피싱에 대한 이미지는 '순진한 사람들만 당한다'라는 생각을 하게 만들 수 있다. 하지만 보이스피싱 범죄는 더 이상 남의 일만은 아니다. 금융감독원의 '2023년 보이스피싱 피해현황 분석'에 따르면 지난해 보이스피싱 피해액은 1965억원으로 2022년보다 514억원이 증가했다. 전체 피해자 수는 2022년 1만2816명에서 지난해 1만1503명으로 10% 감소했으나 1000만원 이상 고액 피해사례는 오히려 늘어났다. 특히 20대 이하 피해액은 139억원, 30대는 135억원으로 젊은 층의 피해 액수는 증가했다. 사진은 본문과 관계없음. /사진=이미지투데이 금감원에 따르면 지난해 1853명의 20대 이하 피해자 중 85%는 기관사칭형 범죄에 당한 것으로 드러났다. 전체 기관사칭형 범죄 비중의 76%를 차지한다. '기관사칭형 수법'은 이들이 사회초년생이라는 점을 악용해 구체적인 법 조항을 들먹이며 피해자를 압박한다. 지난 10월17일 금융감독원은 2030 청년 구직자를 대상으로 가짜 채용공고를 올려 채용담당자로 사칭하는 등 피해 사례가 증가하고 있다며 소비자 경보(주의)를 발령하기도 했다. 일단 올해 기관사칭형 수법에서 20대 피해자들의 비중은 54%로 다소 줄어들었다. 한 경찰청 관계자는 ""기관사칭형 범죄에서 20대 비중이 줄어든 이유는 20대들의 피해 액수가 적을 뿐 아니라 그들이 많이 당하는 URL 문자 사기 수법에 대해 학습이 돼 성공률이 떨어진다""며 보이스피싱 범죄 조직이 경제력이 상대적으로 떨어지는 20대보다 중장년층으로 범행의 타겟을 변화시켰다""고 언급했다. 물론 기관사칭형 사기 범죄에서 20대 피해자의 비중이 과반수를 넘는다는 것에서는 우려를 나타냈다. 해당 관계자는 ""어떤 기관에서 전화를 받는다면 그 전화를 받지 않는다 하더라도 아무런 불이익이 없다는 것을 알아야 한다""며 반드시 전화를 끊고 주변인들에게 이런 전화를 받았는데 어떤 전화인지만 물어봐도 충분히 예방할 수 있다""고 언급했다. 또 ""요즘 유행하는 수법이 택배 문자 사기인데 메시지를 받았을 때 그 안에 포함되어 있는 URL을 누르거나 어떤 특정 앱을 설치하지 않아야 한다""고 말했다. 이를 예방하기 위해 금융당국은 많은 예방 정책을 내놓고 있다. 금융감독원은 지난해 10월 실제 보이스피싱범의 녹음 파일을 공개한 바 있다. 실제로 이를 들어 보면 보이스피싱범들의 수법을 파악하는데 도움이 될 수 있다. 보이스피싱 예방법과 피해 시 대처방법도 안내하고 있다.철저한 예방에도 보이스피싱을 당한 것이 의심되면 경찰청이나 금융감독원에 신고를 해야 한다. 검찰사칭형이라고 생각되면 24시간 운영되는 검찰청 찐센터를 통해 확인하면 된다."
카드 배송 직원 사칭 피싱 주의보,http://www.koreailbo.co.kr/news/articleView.html?idxno=43811,2024-11-28,"카드사 배송직원 사칭 피싱 [KB국민카드, 금융사기 예방 안내] KB국민카드를 이용해 주시는 고객님께 진심으로 감사드립니다. 최근 카드사 배송직원을 사칭하고 가짜 고객센터로 전화하도록 유인해 금전 피해를 발생시기는 사례가 증가하여 주의를 부탁드립니다. ■ 카드사 배송직원 사칭 피싱 수법 1. 카드사 배송직원을 사칭하여 카드 배송을 이유로 전화 2. 카드를 신청한 적 없다고하면 가짜 고객센터로 전화하도록 유도 3. 가짜 고객센터 상담원이 예방 조치를 해준다며 앱 설치를 요구하고 휴대폰을 장악 4. 금감원 또는 검찰을 사칭하는 자가 전화하여 불법자금 조사를 이유로 현금, 수표 편취 ■ 최근 피싱 수법의 특징 1. 앱  설치를 요구(걸고 받는 모든 전화가 범죄조직에 연결되도록 조작) 2. 외부와의 교류를 차단하기 위해 새로운 휴대폰 개통을 요구 ▶ 신청하지 않은 카드 배송 전화를 받으면, 먼저 카드사 고객센터 연락처를 검색 후 해당 카드사의 대표 고객센터에 전화하여 직접 확인하세요 ▶ 자산 보호조치나 사고 접수를 명목으로 앱 설치를 요구하면 거절하세요 ▶ 수사기관은 절대 휴대전화 신규개통을 요구하지 않습니다 카드 배송직원이나 금감원, 검찰을 사칭하는 보이스피싱에 의해 금융사기 피해가 발생하지 않도록 각별히 유의해 주시기 바랍니다. Tag #검찰사칭 #피싱 #카드사배송직원사칭피싱 #카드피싱 #보이스피싱 #카드사칭피싱 #kb 카드피싱 #코리아일보 저작권자 © 코리아일보 무단전재 및 재배포 금지 코리아일보 다른기사 보기"
'세뱃돈 송금' 문자 눌렀다간…설 명절 노린 스미싱 주의보,https://www.newsis.com/view/NISX20250119_0003037448,2025-01-23,"연말정산·설 선물 배송 사칭하는 스미싱 문자 증가 출처 불분명 URL·전화번호 클릭 주의해야 지나치게 저렴한 쇼핑몰 상품, 사기 피해 신고 여부 먼저 확인 [서울=뉴시스] 스미싱. (사진=뉴시스 DB). photo@newsis.com [서울=뉴시스]최은수 기자 = 설 명절 전후를 겨냥해 공공기관을 사칭하거나, 온라인 송금, 상품권 지급 등 명절 선물을 위장해 금전 탈취를 시도하는  문자사기(스미싱)가 기승을 부릴 것으로 예상되고 있다. 배송 지연, 물량 부족으로 가장한 비대면 직거래 사기·허위 쇼핑몰 등 사이버 사기 피해도 우려된다. 과학기술정보통신부(과기정통부) 방송통신위원회(방통위), 금융위원회(금융위), 경찰청, 한국인터넷진흥원(KISA), 금융감독원(금감원)은 19일 설 연휴 기간을 틈타 각종 사이버 사기 피해가 우려된다며 각별한 주의를 당부했다. 명절 선물·세뱃돈 송금 사칭해 악성앱 감염 유도 정부는 이번 설 명절을 전후해 가족 친지 간 차량 이동량 증가를 틈타 범칙금, 과태료 부과 조회 등을 유도하거나 연초 연말정산 기간 중 환급액 조회를 유도한 악성 문자가 다량 유포될 수 있다고 당부했다. 또한 명절 선물, 세뱃돈 송금 등 국민들이 쉽게 속아 넘어갈 수 있는 상황을 악용해 악성앱 감염 유도 문자가 유포될 수 있어 국민들의 각별한 주의가 요구된다. 최근 악성앱 유포 문자 발송으로 인한 피해액이 크게 증가하고 있다. 관계 당국에서 탐지한 문자사기 현황을 살펴보면, 과태료·범칙금 등 정부·공공기관을 사칭하는 유형이 총 162만여건(59.4%)으로 가장 많은 비율을 차지했다. SNS 기업을 사칭한 계정탈취 유형이 46만여 건(16.9%)으로 눈에 띄게 급증했다. 이어 청첩장, 부고장 등 지인 사칭형도 42만여 건(15.5%)으로 늘었다. 악성문자 외에 공유형 킥보드 이용 및 행사정보 제공 등에 자주 이용되는 QR코드를 악용해 악성앱 설치를 유도하는‘큐싱(QR코드+피싱)’ 피해도 우려되고 있다. 명절을 앞두고 본인이 구매하지 않았거나, 미리 연락받지 않은 물건에 대한 배송안내, 결제요청, 환불 계좌 입력 등의 문자가 온 경우, 문자에 포함된 인터넷 주소(URL)를 누르지 말고 사실관계를 먼저 확인할 필요가 있다. 유포된 악성 문자메시지를 통해 원격조종이 가능한 악성 앱이 설치되면 재산상 피해가 발생할 수 있으므로 전화, 영상통화 등으로 상대방을 정확하게 확인하기 전에는 악성 앱 설치를 유도하는 상대방의 요구에 응하지 말아야 한다. 명절 선물 초특가?…허위쇼핑몰 사기 주의해야 명절 선물 등을 지나치게 저렴하게 판매하는 온라인 쇼핑몰 발견 시, 상품 구매에 앞서 사업자 정보, 판매자 이력, 고객평가(리뷰), 온라인 내 고객불만 글 게시 여부를 확인해야 한다. 구매시 가급적 취소가 가능한 신용카드를 이용하고, 추가 할인 등을 미끼로 현금거래를 유도하는 판매자와는 거래하지 않아야 한다. 긴 연휴를 앞두고는 가급적 비대면 거래를 지양하고, 거래에 앞서 경찰청의  인터넷 사기 의심 전화·계좌번호 조회서비스 등을 통해 사기 피해 신고 여부를 먼저 확인할 것을 정부는 당부했다. 정상적인 문자 메시지인 것처럼 수신자를 속인 후, 다른 메신저 앱으로 유도해 금전이나 상품권, 금융거래 정보 등을 요구하는 메신저 피싱도 증가 추세인 만큼 각별한 주의가 필요하다. 알 수 없는 출처의 앱 설치 차단 방법. (사진=과학기술정보통신부) *재판매 및 DB 금지 정부, 24시간 탐지체계…이통3사 주의 안내 문자 발송 과기정통부와 KISA는 설 연휴기간 동안 문자사기에 신속하게 대응할 수 있도록 24시간 탐지체계를 운영하고, 문자결제사기(스미싱·큐싱)확인서비스 등을 통해 신고·접수된 문자사기 정보를 분석해 금융사기 사이트, 악성 앱 유포지 등에 대한 긴급 차단조치를 지원, 국민들의 피해를 최소화할 계획이다. 방통위는 이동통신 3사(SK텔레콤, KT, LG유플러스), 한국정보통신진흥협회(KAIT)와 협력해 15일부터 각 통신사 명의로 가입자에게 설 연휴 스미싱 문자 등 주의 안내 문자 메시지를 순차 발송한다. 금융위와 금감원은 최근 사기범들이 고령층을 대상으로 카드 오발급 등을 빙자해 접근, 범죄 연루 여부 확인 등을 위해 필요하다며 금전 이체를 요구하거나 금융회사로부터 대출을 받도록 유인해 금원을 편취하는 사례가 발생하고 있으므로 각별한 주의를 당부했다. 본인이 신청하지 않은 신용카드가 배송 중이라고 문자나 연락을 받으면 보이스피싱을 의심하고, 가족 또는 지인의 도움을 받아 카드사 공식 전화번호로 연락해 사실관계를 확인할 필요가 있다. 아울러, 금융소비자가 여신거래 안심차단 서비스, 휴대폰 기기 내 보안 강화 기능 등을 이용해 보이스피싱으로 인한 금전 피해를 미연에 방지할 수 있도록 금융회사 영업점, 금융앱(알림톡), SNS 채널 등을 통해 안심차단 및 보안강화 서비스 이용 방법을 금융소비자에게 전파하고 있다. 경찰청은 설 연휴 기간 전후 발생하는 문자사기(스미싱) 등 사이버사기 범죄에 대한 단속을 강화하고 피해 예방을 위해 누리집과 SNS 채널 등을 통해 예방수칙을 제공할 계획이다. 또한, 명절 연휴 중에도 문자사기(스미싱) 등 사이버범죄 피해를 입은 경우, 112로 신고하거나 경찰청 사이버범죄 신고시스템(ECRM)을 통해 온라인으로 피해신고를 접수할 수 있다고 안내할 예정이다. ◎공감언론 뉴시스 eschoi@newsis.com"
보이스피싱범은 갤럭시폰을 노린다,https://www.khan.co.kr/economy/finance/article/202410272104005,2024-10-28,"④ 4년간 판결문 전수조사 “대출받으려면 아이폰 안 돼 해킹됐으니 갤럭시로 교체” 안드로이드폰 사용 유도 범죄 첫 단계 ‘악성앱 설치’ 안드로이드폰이 취약한 탓 “새희망홀씨라는 정부에서 나온 저금리 대출 상품이 있다. 대출을 받게 해줄 테니 휴대전화를 아이폰에서 갤럭시로 교체하라.” “계좌가 범죄에 연루되었다. 구속수사를 해야 하는데 약식수사로 진행해주겠다. 아이폰은 해킹폰으로 범죄에 악용될 수 있으니 안드로이드폰으로 바꿔라.” 이는 보이스피싱 관련 판결문에 흔히 등장하는 수법이다. 전화를 건 보이스피싱범들이 피해자 휴대전화에서 악성앱(애플리케이션) 설치가 막히자, 안드로이드폰을 새로 개통하도록 유도한 뒤 돈을 뜯어가는 것이다. 악성앱을 이용한 범죄는 거의 100% 안드로이드 기반 휴대전화에서 발생한다고 전문가들은 말한다. 당국에선 범죄에 자주 사용되는 앱은 따로 추려 차단하고 있지만, 개방형인 안드로이드 운영체제(OS)의 태생적 한계와 고도화하는 범죄 수법으로 인해 범죄를 모두 막기에는 역부족이다. 경향신문은 2021년 1월부터 올해 10월18일까지 약 4년간의 1심 형사사건 판결문을 전수조사했다. 이 기간 ‘안드로이드 보이스피싱’ 사건으로 분류된 판결은 총 71건이고, 이 중 ‘안드로이드’ ‘개통’ ‘보이스피싱’ 조합으로 사건을 추리면 총 38개 판결문이 검색됐다. 수사 중인 사안까지 포함하면 유사 사건의 규모는 훨씬 커질 것으로 예상된다. 판결문을 분석해보면 범죄의 첫 관문은 ‘악성앱’ 설치다. 범죄조직은 주로 불특정 다수에게 문자메시지로 사회적 관심 사안이나 사람들이 쉽게 속는 미끼를 던지며 악성앱이 깔리는 인터넷주소(URL)를 보낸다. 이때 문자를 받은 사람의 단말기가 아이폰이냐 안드로이드형 폰이냐에 따라 최종 피해 여부가 결정적으로 갈린다. 폐쇄형 OS를 채택하는 아이폰에서는 악성앱 설치 자체가 막히는 반면, 개방형인 안드로이드 OS 기반 휴대전화에선 악성앱 다운로드가 가능하기 때문이다. 안드로이드폰은 URL을 클릭하는 순간 악성앱이 다운로드돼 스마트폰 제어권이 피싱범들에게 넘어간다. 이제 무엇을 하든 범죄자가 피해자의 일거수일투족을 파악하고 금융기관 앱을 통해 대출도 받을 수 있다. 수사기관이나 금융기관에 전화를 걸어도, 실제 통화는 범죄조직으로 연결돼 꼼짝없이 그물망에 걸리게 되는 셈이다. 보이스피싱 차단 앱을 개발하는 유경식 인피니그루 대표는 “URL을 클릭한 순간 이미 자기가 속고 있는 줄 모르는 경우가 태반”이라며 “휴대전화를 잠시 뒤집어두라는 말을 (피해자가) 따르는 경우도 봤다”고 말했다. 악성앱이 유독 안드로이드형에서 깔리는 건 ‘사이드로딩’ 기능 때문이다. 사이드로딩은 까다로운 안전성 규제를 통과한 앱만 파는 앱스토어를 거치지 않고, 직접 인터넷을 통해 다양한 앱을 내려받게 만드는 시스템이다. 애플은 앱스토어에서 파는 앱만 설치되기에 악성앱이 뚫지 못한다. 아이폰은 앱스토어에서 다운로드한 정상앱이라도 미러링(화면을 다른 기기에서 볼 수 있는 기능)만 허용하고, 원거리 조정 기능은 차단하고 있다. 삼성전자는 갤럭시에 사이드로딩 비활성화 기능을 두고 있다. 다만 피싱범들의 감언이설에 속아 사용자가 이를 해제하면 악성앱이 쉽게 깔린다. 신종철 연세대 겸임교수는 “애플은 폐쇄망이라서 보안 이슈가 없는 대신 이 형태를 유지하기 위해 앱 개발자 등에게 높은 수수료를 받는다. 반면 안드로이드는 다양한 앱을 수용하는 대신 자신의 OS 생태계를 넓히는 박리다매 형식”이라며 “출발점이 다르기에 무엇이 옳다고 볼 수도, 한쪽을 고칠 수도 없다”고 말했다. 당국은 일단 보이스피싱 범죄에 자주 사용되는 원격제어 앱을 차단하는 예방책을 내놓았다. 하지만 악성앱이 실시간으로 수도 없이 만들어지고 배포되는 데 비하면 갈 길이 멀다. 한 금융권 관계자는 이를 놓고 “창은 너무 많고 방패는 제한적”이라고 표현했다. 알낚모털 구독 구독 통신사 AI는 보이스피싱 예방의 구세주가 될까 범죄 모니터링 부실한 ‘상호금융’, 피싱범이 즐겨찾는 ‘낚시터’였다 가입까지 단 6분35초인데 왜?···‘보이스피싱 예방’ 여신거래 안심차단 해보니 금융감독원은 금융기관 소비자보호총괄책임자(CCO) 간담회에서 악성앱 예방 앱 설치를 권고했지만 은행권은 주저하는 분위기다. 시중은행 관계자는 “차단 앱을 도입해 보안을 강화하면 속도가 느려진다”며 “은행에선 보안과 속도를 놓고 고민할 수밖에 없다”고 말했다. <시리즈끝>"
"군 간부 사칭, 단체 주문 사기 기승… 소상공인 피해 속출",https://www.pinpointnews.co.kr/news/articleView.html?idxno=299943,2024-11-19,"/ 경찰청 CI. 군 간부를 사칭해 단체 주문을 넣고 돈을 가로채는 신종 피싱 범죄가 기승을 부리면서 소상공인들의 피해가 잇따르고 있다. 18일 인천 중부경찰서에 따르면 지난 14일 중구 영종도의 한 식당에서 ""군 부대에서 단체 음식 포장을 주문했는데 연락이 두절됐다""는 신고가 접수됐다. 피해 식당은 지난 13일 신원 미상의 A씨에게서 돼지불백 50인분을 14일 오후 2시까지 준비해 달라는 연락을 받고 주문을 받았다. 하지만 A씨는 약속된 시간에 나타나지 않았고, 연락도 끊겨 사기를 당한 것을 알게 됐다. A씨는 자신을 공군 소속 중사로 소개하며 영수증을 보내달라고 요청한 뒤 휴대전화 메시지로 '부대 식품결제 확약서'라는 제목의 공문을 전달했다. 공문에는 부대명, 일시, 장소, 책임자 직인과 함께 ""훈련에 필요한 식품에 대한 구매 비용 50만원을 지불한다""는 내용이 담겼다. 식당 측은 군 장병들이 먹을 음식인 점을 고려해 정성스레 여분의 밥과 고기를 준비했고 후식으로 귤 2상자까지 사둔 것으로 알려졌다. 그러나 A씨는 당일 오전 식당에 전화를 걸어 음식 준비 상황을 물은 것을 끝으로 연락이 끊겼고 정해진 수령 시간에 나타나지 않았다. 피해자 딸은 온라인 커뮤니티에 글을 올려 ""준비한 음식은 상인회를 통해 노인들과 소외계층에게 기부했다""며 ""식당에서 숙식을 해결하며 휴일 없이 일하는 부모님이 속상해하며 눈물 흘리는 모습을 보고 너무 화가 난다""고 토로했다. 해당 식당의 경우 A씨가 돈을 요구하거나 대금 결제를 유도하는 상황까지 이어지진 않았지만, 전형적인 '군 간부 사칭' 피싱 범죄로 볼 수 있다. 군 간부를 사칭해 단체 주문을 미끼로 신뢰를 쌓고서 금전적 도움을 요구하며 돈을 가로채는 방식으로, 음식점은 물론 정육점·꽃집 등에서 피해가 발생하고 있다. 업주가 금전 요구에 응하지 않더라도 일단 주문을 받아 음식이나 상품을 준비했을 경우 '노쇼'에 따른 피해를 볼 수밖에 없다. 지난 13일 강화군 일대 음식점 6곳에서도 군 간부를 사칭한 피싱 범죄 의심 신고가 잇따라 접수돼 경찰이 수사에 나섰다. 이들 음식점은 대부분 해장국집이나 중식당으로, 해병대 간부를 사칭한 신원 미상의 B씨로부터 단체 음식 주문을 받은 것으로 파악됐다. B씨는 음식 50인분을 주문할 것처럼 연락한 뒤 내부 사정을 설명하며 전투식량 구입비 등 다른 업체 결제 대금을 대신 지불해달라고 요청한 것으로 확인됐다. 경찰 관계자는 ""노쇼로 인한 피해를 막으려면 단체 주문 시 선불금을 요구해야 한다""며 ""유사 피해가 이어지고 있는 만큼 주의가 필요하다""고 말했다. 지선희 기자 adium@thekpm.com 다른기사 보기 저작권자 © 핀포인트뉴스 무단전재 및 재배포 금지"
가짜 쇼핑몰 사이트 만들어 놓고…“리뷰 쓰면 돈 줄게”,https://www.chungnamilbo.co.kr/news/articleView.html?idxno=790972,2024-10-23,"prev 대전시, '사랑나눔콜' 카카오T 앱 연동 서비스…교통약자 차량 이용 편의 제고 ‘교사 존엄·권리 지켜지길’… 대전교육청, 故 제주 교사 추모소 운영 대전시의사회 대선기획본부, 보건의료 정책 제안서 전달 대전시, '청렴골든벨' 첫 행사…공직자 청렴 실천 의지 다져 한국효문화진흥원, 5월 칭찬·감사 캠페인 마무리 충청남도-충남문화관광재단-충남예총 간담회 개최 이장우 시장 ""상장기업 시가총액 2배 상승, 일류경제도시 지향 성과…더욱 속도 내야"" 천안시의회 김행금 의장,  “필요 인사 우선 단행, 향후 제도 개선에 집중” 천안동남소방서, 한국119청소년단  입단식 개최 4기 암 극복에도 활용된 핵물리학... 대전서 ‘핵물리학계 올림픽’ 개막 대전시, '사랑나눔콜' 카카오T 앱 연동 서비스…교통약자 차량 이용 편의 제고 ‘교사 존엄·권리 지켜지길’… 대전교육청, 故 제주 교사 추모소 운영 next"
"""잘못 배달된 택배 주인 찾아주려다""…프로파일러가 경고한 '신종 사기'",https://www.ytn.co.kr/_ln/0103_202411190956483014,2024-11-19,"이미지 확대 보기 게티이미지뱅크 / 기사 내용과 무관한 사진 AD 개인정보를 빼내 금전을 탈취하는 피싱 범죄 수법이 날이 갈수록 교묘해지고 있다. 이런 가운데 전직 프로파일러가 신종 피싱 수법에 대해 주의를 당부했다. 최근 한 유튜브 채널에는 '저도 당했습니다…프로파일러도 깜짝 놀란 요즘 범죄 패턴'이라는 제목으로 국내 1호 프로파일러 출신인 권일용 교수와의 인터뷰가 공개됐다. 권 교수는 ""개인의 신상 정보를 유출하는 방법이 정말 교묘하다""면서 ""그냥 남의 집 앞에 박스 하나를 택배인 것처럼 갖다 놓는다""고 신종 수법을 소개했다. 보통 집 앞에 놓인 본인이 주문한 적이 없는 택배 박스를 발견하면 박스에 적힌 '받는 사람' 전화번호로 전화를 건다. 이때 전화를 걸게 되는 번호가 가해자의 번호라는 설명이다. 하지만 이 사실을 모르는 피해자는 해당 번호로 전화를 걸고 ""택배가 잘못 왔다""고 알려주면, 가해자는 ""찾으러 가겠다""며 주소와 이름 등을 요구한다. 결국 피해자는 스스로 아파트 호수와 자신의 이름까지 스스로 다 알려주게 되는 것이다. 권 교수는 ""사이코패스들은 이렇게 순식간에 사람을 조종한다""면서 ""순식간에 그 사람의 판단을 내 걸로 만든다. 그래서 경제 범죄, 사기 범죄에 사이코패스가 많다""고 말했다. 관련 범죄에 대비하려면 권 교수는 입을 닫아야 한다고 강조했다. 그는 ""수법을 다 외울 수 없기 때문에 어떤 경우에든 내 정보를 스스로 알려주려는 순간에 입을 닫아야 한다""고 덧붙였다. 디지털뉴스팀 박선영 기자 YTN digital 박선영 (parksy@ytn.co.kr) [저작권자(c) YTN 무단전재, 재배포 및 AI 데이터 활용 금지] D-7 사회 기사목록 전체보기 용인 빌라 주차장 차량 폭발...60대 남성 중상 '서부지법 난동' 변호인단, 관할 법원 변경 신청 검찰, '이재명 옆집 임차' GH 전 사장 등 '혐의없음' '김유열 EBS 사장 복귀' 직무정지 가처분 각하 에디터 추천뉴스 대통령→지하주차장 수여로 전락?…'삼정검' 수여 논란 ""지켜드리지 못해 죄송합니다"" 제자들의 추모 편지 '초등생 살해' 교사 명재완 첫 재판…정신감정 요청 푸틴이 접경지역 등장하자…전례 없는 드론 공격 퍼부은 우크라이나 [지금이뉴스] 내일 정치 분야 마지막 TV 토론회…가장 치열할 듯 SKT 일일 유심교체, 30만 명대 유지…누적 417만 명 전세계약 전 집주인 동의 없어도…'보증사고 이력' 확인 가능 '소고기·쌀' 비관세 장벽 꺼낸 美…""교역 불균형 해소 요구"" 21대 대선 재외선거 잠정투표율 79.5％…역대 최고 ""윤석열 탄핵, 여성들이 주도적이었는데…"" 韓 대선 후보 공약 지적한 외신[지금이뉴스] 울산 반구천의 암각화, 세계유산 등재 확실시…""선사문화 걸작"" 검찰 ""비화폰으로 내란 모의""…윤 측 ""사실 아냐"" 반박 윤석열 비화폰 원격 삭제…경찰 ""증거인멸 수사"" ""사법부 불신 초래""·""독립 침해 우려""…대선 뒤 격론 불가피 박근혜, 선친 생가 방문 예고…민주 ""다음은 윤 사면"" 2기 진화위, 조사 기간 만료…2천여 건은 미제로 대통령→지하주차장 수여로 전락?…'삼정검' 수여 논란 ""지켜드리지 못해 죄송합니다"" 제자들의 추모 편지 '초등생 살해' 교사 명재완 첫 재판…정신감정 요청 푸틴이 접경지역 등장하자…전례 없는 드론 공격 퍼부은 우크라이나 [지금이뉴스] 내일 정치 분야 마지막 TV 토론회…가장 치열할 듯 SKT 일일 유심교체, 30만 명대 유지…누적 417만 명 전세계약 전 집주인 동의 없어도…'보증사고 이력' 확인 가능 '소고기·쌀' 비관세 장벽 꺼낸 美…""교역 불균형 해소 요구"" 21대 대선 재외선거 잠정투표율 79.5％…역대 최고 ""윤석열 탄핵, 여성들이 주도적이었는데…"" 韓 대선 후보 공약 지적한 외신[지금이뉴스] 울산 반구천의 암각화, 세계유산 등재 확실시…""선사문화 걸작"" 검찰 ""비화폰으로 내란 모의""…윤 측 ""사실 아냐"" 반박 윤석열 비화폰 원격 삭제…경찰 ""증거인멸 수사"" ""사법부 불신 초래""·""독립 침해 우려""…대선 뒤 격론 불가피 박근혜, 선친 생가 방문 예고…민주 ""다음은 윤 사면"" 2기 진화위, 조사 기간 만료…2천여 건은 미제로 대통령→지하주차장 수여로 전락?…'삼정검' 수여 논란 ""지켜드리지 못해 죄송합니다"" 제자들의 추모 편지 '초등생 살해' 교사 명재완 첫 재판…정신감정 요청 푸틴이 접경지역 등장하자…전례 없는 드론 공격 퍼부은 우크라이나 [지금이뉴스] 내일 정치 분야 마지막 TV 토론회…가장 치열할 듯 SKT 일일 유심교체, 30만 명대 유지…누적 417만 명 전세계약 전 집주인 동의 없어도…'보증사고 이력' 확인 가능 '소고기·쌀' 비관세 장벽 꺼낸 美…""교역 불균형 해소 요구"" 1 2 YTN star 더보기 [Y현장] ""우린 시원한 오락액션물""…'하이파이브', 유아인 리스크 안고 출격(종합) 육성재, '귀궁' 이어 본업 컴백…6월 새 앨범 발매 시리즈 더보기 [자막뉴스] ""90% 가까운 공실률 몰랐다면 무능"" vs ""거북섬 사업 추진은 朴 정부"" 푸틴이 접경지역 등장하자...전례 없는 드론 공격 퍼부은 우크라이나 [지금이뉴스] 지금 이뉴스 더보기 푸틴이 접경지역 등장하자...전례 없는 드론 공격 퍼부은 우크... ""윤석열 탄핵, 여성들이 주도적이었는데..."" 韓 대선 후보 공약... ""그 빵 불매합니다""...KBO 팬들 '분노의 서명 운동', 왜? [지금... NEW 다시보기 더보기 YTN24 뉴스NIGHT New 돌발영상 더보기 [돌발영상] 이준석이 ""싸가지 없다"" 듣게 되는 이유? 당신이 놓친 기사 ""지켜드리지 못해 죄송합니다"" 제자들의 추모 편지 2기 진화위, 조사 기간 만료...2천여 건은 미제로 조수미, 프랑스 문화예술공로훈장...""영광이자 새로운 시작"" 울산 반구천의 암각화, 세계유산 등재 확실시...""선사문화 걸작"" 21대 대선 재외선거 잠정투표율 79.5％...역대 최고 박근혜, 선친 생가 방문 예고...민주 ""다음은 윤 사면"" 지지율 출렁이자 고발 난타전...'승자 독식'도 한 몫 불꽃튀는 대선 유세 속 후보들의 '말 실수' [앵커나이트] 홈플러스 임차점포 무더기 폐점 우려...입점 점주 불안 고조 댄스 챌린지 막차타고, 이앙기 운전까지...후보들 '이색체험' [앵커리포트] '한국전 참전' 친한파 랭글 전 미 의원 별세...향년 94세 루마니아 니쿠쇼르 단 대통령 취임...""법치 내 근본적 변화 필요"" 전세계약 전 집주인 동의 없어도...'보증사고 이력' 확인 가능 헬스장, 폐업 2주 전 통지 의무...그래도 '덜컥' 계약은 금물 용인 빌라 주차장 차량 폭발...60대 남성 중상 부풀었던 수원 다세대주택 외벽 일부 떨어져 '서부지법 난동' 변호인단, 관할 법원 변경 신청 전용기서 부부싸움?...부인에게 얼굴 맞은 마크롱 오늘 대선주자 마지막 TV 토론...후보 4명 '정치 분야' 격돌 [날씨] 오늘 맑고 낮 더위, 서울 26℃...일교차 주의 오늘부터 전세계약 전 임대인 정보 사전 확인 가능 [오늘의 운세] 2025년 05월 27일 별자리 운세 [오늘의 운세] 2025년 05월 27일 띠별 운세 검찰, '이재명 옆집 임차' GH 전 사장 등 '혐의없음' '김유열 EBS 사장 복귀' 직무정지 가처분 각하 인권위, '윤 방어권 보장' 답변서 간리에 제출 결정 마크롱, 베트남 국빈 방문...항공·위성·원전 등 협력 합의 [영상] 나달, 14번 우승한 롤랑가로스에서 성대한 은퇴식 강혜지, 멕시코 리비에라 마야 오픈 3위 이정후, 4타수 1안타로 6경기 연속 안타 ""지켜드리지 못해 죄송합니다"" 제자들의 추모 편지 2기 진화위, 조사 기간 만료...2천여 건은 미제로 조수미, 프랑스 문화예술공로훈장...""영광이자 새로운 시작"" 울산 반구천의 암각화, 세계유산 등재 확실시...""선사문화 걸작"" 21대 대선 재외선거 잠정투표율 79.5％...역대 최고 박근혜, 선친 생가 방문 예고...민주 ""다음은 윤 사면"" 지지율 출렁이자 고발 난타전...'승자 독식'도 한 몫 불꽃튀는 대선 유세 속 후보들의 '말 실수' [앵커나이트] 홈플러스 임차점포 무더기 폐점 우려...입점 점주 불안 고조 댄스 챌린지 막차타고, 이앙기 운전까지...후보들 '이색체험' [앵커리포트] '한국전 참전' 친한파 랭글 전 미 의원 별세...향년 94세 루마니아 니쿠쇼르 단 대통령 취임...""법치 내 근본적 변화 필요"" 전세계약 전 집주인 동의 없어도...'보증사고 이력' 확인 가능 헬스장, 폐업 2주 전 통지 의무...그래도 '덜컥' 계약은 금물 용인 빌라 주차장 차량 폭발...60대 남성 중상 부풀었던 수원 다세대주택 외벽 일부 떨어져 '서부지법 난동' 변호인단, 관할 법원 변경 신청 전용기서 부부싸움?...부인에게 얼굴 맞은 마크롱 오늘 대선주자 마지막 TV 토론...후보 4명 '정치 분야' 격돌 [날씨] 오늘 맑고 낮 더위, 서울 26℃...일교차 주의 오늘부터 전세계약 전 임대인 정보 사전 확인 가능 [오늘의 운세] 2025년 05월 27일 별자리 운세 [오늘의 운세] 2025년 05월 27일 띠별 운세 검찰, '이재명 옆집 임차' GH 전 사장 등 '혐의없음' '김유열 EBS 사장 복귀' 직무정지 가처분 각하 인권위, '윤 방어권 보장' 답변서 간리에 제출 결정 마크롱, 베트남 국빈 방문...항공·위성·원전 등 협력 합의 [영상] 나달, 14번 우승한 롤랑가로스에서 성대한 은퇴식 강혜지, 멕시코 리비에라 마야 오픈 3위 이정후, 4타수 1안타로 6경기 연속 안타 ""지켜드리지 못해 죄송합니다"" 제자들의 추모 편지 2기 진화위, 조사 기간 만료...2천여 건은 미제로 조수미, 프랑스 문화예술공로훈장...""영광이자 새로운 시작"" 울산 반구천의 암각화, 세계유산 등재 확실시...""선사문화 걸작"" 21대 대선 재외선거 잠정투표율 79.5％...역대 최고 박근혜, 선친 생가 방문 예고...민주 ""다음은 윤 사면"" 지지율 출렁이자 고발 난타전...'승자 독식'도 한 몫 불꽃튀는 대선 유세 속 후보들의 '말 실수' [앵커나이트] 홈플러스 임차점포 무더기 폐점 우려...입점 점주 불안 고조 댄스 챌린지 막차타고, 이앙기 운전까지...후보들 '이색체험' [앵커리포트] 1 2 3"
리뷰 쓰고 상품권 받아 좋아했는데…88억 꿀꺽한 신종사기의 덫,https://www.joongang.co.kr/article/25291672,2024-11-19,"사회 사건・사고 리뷰 쓰고 상품권 받아 좋아했는데…88억 꿀꺽한 신종사기의 덫 중앙일보 입력 2024.11.13 12:58 업데이트 2024.11.13 14:47 업데이트 정보 더보기 앱에서 읽기 박종서 기자 구독 중앙일보 지면보기 서비스는 로그인 후 이용 가능합니다. 로그인 하러 가기 Close 최근 1개월 내 지면만 열람하실 수 있습니다. Close 중앙일보 지면보기 서비스는 로그인 후 이용 가능합니다. 로그인 하러 가기 Close 로그인 하시면 최신호의 전체 내용을 보실 수 있습니다. 로그인 하시겠습니까? 로그인 Close 더중앙플러스 회원이 되시면 창간호부터 전체 지면보기와 지면 다운로드가 가능합니다. 더중앙플러스 회원이 되시겠습니까? 더중앙플러스 시작하기 Close 서울경찰청 사이버수사과는 통신사기피해환급법 위반 및 사기 등 혐의로 보이스피싱 조직 총책 A씨(30대)와 B씨(20대) 등 14명을 구속 송치하고, 매니저 등 조직원 40명을 불구속 송치했다고 13일 밝혔다. 뉴시스 서울경찰청 사이버수사과는 통신사기피해환급법 위반 및 사기 등 혐의로 신종 사기 범죄집단 총책 A씨(30대)와 B씨(20대) 등 14명을 구속 송치하고, 매니저 등 조직원 40명을 불구속 송치하는 등 총 54명을 검거했다고 13일 밝혔다. 이들은 지난해 11월부터 지난 9월까지 피해자 301명으로부터 ‘새로 생긴 쇼핑몰 사이트 리뷰 이벤트에 참여하면 모바일 상품권을 주겠다’라거나 ‘쇼핑몰 사이트에서 물건을 공동구매하면 그 비용의 35%를 추가해 현금으로 돌려주겠다’고 속여 약 88억원을 챙긴 혐의를 받는다. 이들은 과거 보이스피싱 수법을 교묘하게 발전시킨 이른바 ‘팀 미션’이란 신종 사기 수법을 계획한 것으로 조사됐다. 구체적으로 보면 이들은 불법 데이터베이스(DB)를 통해 확보한 개인 전화번호로 무작위 전화를 걸어 피해자들에게 사은품을 준다며 쇼핑몰 사이트 리뷰 이벤트에 참여할 것을 권유했다. 피해자가 리뷰를 작성하면 1만원 상당의 모바일 상품권 및 포인트를 지급해 신뢰를 쌓았다. ADVERTISEMENT 그다음 이들은 피해자들에게 ‘본업이 있어도 자유롭게 활동할 수 있고, 최대 35% 수익률을 보장한다’며 공동구매에 참여하도록 유인했다. 공동구매는 5~10명이 한 팀을 이뤄 전원이 냉장고 등의 고가 상품을 각각 구매해야 수익금을 돌려주는 방식으로 진행됐다. 그러나 이 공동구매에는 피해자뿐만 아니라 소비자로 가장한 조직원도 참여했다. 조직원들은 피해자들이 고가의 상품을 구매하도록 부추기는 역할을 맡았다. 피해자가 ‘돈이 부족해 더는 공동구매를 못 하겠다’고 하면 조직원들은 ‘모두가 구매해야 돈을 받을 수 있다’며 피해자를 심리적으로 압박한 것으로 파악됐다. A씨 일당은 피해자가 추가 공동구매를 포기하면 소득세 등의 명목으로 30% 상당의 수수료를 요구하기도 했다. 이들은 약 69개의 허위 쇼핑몰 사이트를 만들어 이런 범행을 저지른 것으로 조사됐다. 많게는 4억원대까지 피해를 보았으며 일부 피해자는 대출까지 받기도 했다. A씨 일당은 피해자들이 신규 쇼핑몰에 후기를 작성하면 모바일 상품권 1만원권을 제공하며 신뢰를 쌓았고, 이어 ‘본업이 있어도 자유롭게 활동할 수 있고 최대 35% 수익률을 보장한다’며 피해자들이 공동구매에 참여하도록 유인했다. 서울경찰청 제공 경찰은 A씨 등의 범행이 해외 총책 C씨 등의 지시로 이뤄진 것으로 보고 있다. 해외 총책은 A씨 등에게 보이스피싱 등의 범행 방법을 알려주고, 국내에 콜센터 사무실을 만들라고 하는 등의 지시를 내렸다고 한다. 조직원들은 구인·구직 사이트 등을 통해서 모집했다. 경찰은 전국에 접수된 301건의 사건을 병합해 일산·인천 소재 콜센터 사무실 등 5곳을 압수수색하는 등 수사를 진행했다. C씨 등 해외 총책에 대해서도 인터폴과 공조 수사를 진행하고 있다. 계좌 추적 등을 통해 확인한 범죄수익 약 11억원에 대해선 몰수·추징보전 조처했다. 경찰 관계자는 “이들은 피해자가 ‘자신이 구매하지 않으면 팀 전체가 실패할 수 있다’는 불안 심리와 책임감을 노렸다”며 “경제적 여건을 개선하려는 서민의 심리를 이용한 것”이라고 말했다. 박종서 기자 park.jongsuh@joongang.co.kr ADVERTISEMENT 더 중앙 플러스 오늘의 지구력 “女랑 자본적 없다” 혐오 살인 인셀 그 징후, 일베서 포착됐다 “한국 100년 뒤 멸종에 충격” 머스크 뒤의 그 부부 첫 인터뷰 ‘인간 닭장’ 지구 최악의 교도소 한 방에 70명 구겨넣자 생긴 일 더 중앙 플러스 글로벌 머니 “엔캐리 역류? 뭘 알긴 하나” 월가 호들갑 때린 日전문가 “피뽑다 죽은 조지 워싱턴 트럼프 관세가 딱 이런 꼴” 中, 美 박살낼 비밀금고 있다? ‘2240조 그림자 외환’ 정체 더 중앙 플러스 일본 실버산업 리포트 누워있던 80대 홀로 걷는다 3000명 노인 바꾼 日노치원 1층에 초등 학원이 왜 있지? 日실버타운 입주율 99% 비결 월 천만원 내는 노인만 모였다 일본 부자동네 5층 주택 정체 더 중앙 플러스 머니랩 은행주 팔고 2.7조 쓸어갔다 은퇴 선언 버핏의 ‘비밀종목’ 상폐위기 금양 냄새가 난다? “횡령 위험” 경고 기업 19곳 상장사 2629곳 전수조사 AI가 찾았다, 문제 기업 66곳 더 중앙 플러스 hello! Parents “시어머니, 이번달 반장이죠?” 교수 부부 ‘13명 대가족’ 비결 이런 연습하면 뇌가 바뀐다 손흥민 재능 폭발의 법칙 “아는 척하다 글이 망한다” 논리 없는 글, 치명적 공통점 더 중앙 플러스 불로장생의 꿈:바이오혁명 “노인, 코딱지도 파지 마라” 뇌 망가뜨리는 위험한 버릇 세계 최초 ‘망막’ 재생했다 KAIST가 찾은 물고기 비밀 700명 집단발작, 포켓몬 사건 그게 치매 막는 힌트라고? 더 중앙 플러스 33년 경찰의 ‘크라임 노트’ ‘타짜 미경이’에 5억 털리고도 70대 오빠는 “사랑을 했다” ""난 29년간 지옥에 살았다"" 두 번의 살인, 아들의 절규 딸은 다 알면서 담요 던졌다 “한강에 가자” 엄마의 익사 더 중앙 플러스 6·3 대선주자 탐구 2022년 대선 ‘잿밥’ 실종사건 이준석 미운털 그때 박혔다 “아이고 지사님, 참으시죠” 경기도 뒤집은 김문수 선택 교회 지하실서 눈물의 초밥 ‘정치인 이재명’ 거기서 탄생 더 중앙 플러스 대선 비하인드 “돈 없어 단일화” 국힘 보란듯 이준석 ‘악필 공보물’ 보냈다 선대위에 홍준표 세우려 했다 이재명, 거침없는 ‘보수 돌진’ 한덕수 일정에 ‘국힘후보 촬영’ 김문수, 이때부터 ‘이 인물’ 의심 더 중앙 플러스 ‘뉴스 페어링’ 팟캐스트 30대초부터 덮친 남성 갱년기 발기부전, 밥상서 이것 치워라 IQ보다 ‘이 행동’부터 봅니다 카이스트의 찐영재 판별법 카메라 꺼지자 그 의원 돌변 단일화 깬 ‘김문수 극대노’ 사건 1 / 10 # 보이스피싱 # 공동구매 아르바이트 # 서울청 # 서울경찰청 # 서울경찰청 사이버수사과 0 1 댓글 작성하기 앱에서만 제공되는 편의 기능 · 로그인하면 AD Free! 뉴스를 광고없이 더 깔끔하게 · 속보는 물론 구독한 최신 콘텐트까지! 알림을 더 빠르게 · 나에게 딱 맞는 앱 경험! 맞춤 환경으로 더 편리하게 앱으로 보기"
"""현금 800만원 출금해달라""…보이스피싱 막은 은행원의 기지",https://www.hankyung.com/article/2024102581287,2024-10-28,"/사진=부산 북부경찰서 제공, 연합뉴스 가전제품을 구매하겠다며 800만원을 출금하려는 70대를 은행 직원이 경찰에 신고해 보이스피싱 피해를 막았다. 24일 부산 북부경찰서에 따르면 지난 14일 오후 3시 50분께 북부산농협 본점에서 70대 여성 A씨가 창구 직원에게 현금 800만원을 출금하고 싶다고 요청했다. 현금의 용도를 물은 창구 직원에게 A씨는 ""가전제품을 구매하려고 하는 데 현금이 필요하다""고 답했다. ADVERTISEMENT 이를 수상하게 여긴 직원은 A씨의 계좌를 조회했고, 최근 들어 큰돈이 빠져나간 것이 확인돼 보이스피싱 피해자임을 직감했다. 현금 인출을 거부한 은행원은 즉시 경찰에 신고했다. 경찰이 확인한 결과 A씨는 지난 11일에도 보이스피싱 조직원에게 현금 1100만원을 전달한 것으로 확인됐다. A씨는 저렴한 금리로 대출을 바꿔주겠다는 전화에 속아 현금을 인출했는데, 여러 은행에서 보이스피싱을 의심해 출금을 거부하자 가전제품을 산다고 대답한 것으로 전해졌다. ADVERTISEMENT 부산 북부경찰서는 해당 은행 직원에게 감사장을 전달했다. 관계자는 ""고령의 어르신이 은행에서 500만원 이상 인출할 경우 보이스피싱이 의심되는 상황으로 112에 꼭 신고해야 한다""고 말했다. 김영리 한경닷컴 기자 smartkim@hankyung.com"
‘SC증권 사칭’ 공모주 투자 유도…엄마의 4억 날렸다,https://news.heraldcorp.com/view.php?ud=20240923050149,2024-10-10,박준규 기자 구독 +
검사·금융감독원 사칭해 '60대 여성' 노리는 보이스피싱 기승,https://www.newsis.com/view/NISX20241023_0002930451,2024-10-28,"사회 활동 감소해 정부 부족하고 고령화로 심리적 압박에 더 민감 [서울=뉴시스] 김남희 기자 = ""검사는 고성으로 협박하고, 금융감독원 과장이란 사람은 저를 달래주면서 빨리 이체해야 한다고. 양쪽에서 번갈아 가면서 정신을 쏙 빼놔서 저도 모르게 시키는 대로 하게 됐습니다."" 보이스피싱 피해자의 진술이다. 최근 60대 여성을 노린 보이스피싱 범죄가 기승을 부리는 것으로 나타났다. 경찰청 국가수사본부는 23일 ""보이스피싱 범죄조직이 경찰청·금융감독원 등 정부기관으로 속이는 기관사칭형 수법으로 60대 이상 고령층, 특히 여성을 노리고 있다""며 주의를 당부했다. 경찰청 통계에 따르면 20대 청년층이 기관사칭형 수법에 취약하지만, 전년도 같은 기간 대비 피해 비중은 76%에서 54%로 감소했다. 그 대신 60대 이상 고령층 피해는 5%에서 16%로 급증하면서 건당 피해액은 4426만원에 달했다. 전체 피해 건수 중 1억원 이상의 피해 건수도 지난해 같은 기간(281건)보다 172% 증가한 763건 발생했다. 특히 60대 이상 여성 피해자 비중이 높은데, 은퇴로 사회 활동이 줄어 정보가 부족하고 나이가 들면서 심리적 압박에 민감해지기 때문으로 분석된다. 범죄조직은 이 점을 이용해 선한 역할과 악한 역할로 분담해 피해자를 심리적으로 압박하는 수법을 쓰고 있다. 선한 역을 맡은 금융감독원 과장 사칭범은 ""자금을 보호해주겠다, 구속되지 않도록 신원보증서를 제출해주겠다""고 피해자를 위로하고, 악역을 맡은 검사 사칭범은 ""당신 때문에 피해자가 얼마나 많은지 아느냐, 당장 구속시키겠다""며 피해자를 협박하는 식이다. 기관사칭형 중 60대 이상 여성 피해자 비율(2024년1∼9월) *재판매 및 DB 금지 피해자가 통화한 카드 배송원, 카드사 고객센터 상담원, 금감원 과장, 검사 등은 사실 다양한 배역을 맡은 조직원들이었다. 경찰은 최근 수사 과정에서 올해 5월 경찰청장이 중국 공안부장을 만나서 치안 총수회담을 했던 사실을 범행 시나리오에 반영한 것까지 확인했다. 범죄조직은 금융감독원 소비자보호과 차장이라며 투자손실을 입은 피해자들에게 ""지난 5월16일에 경찰청장이 중국 경찰과 협력해 대규모 국제 보이스피싱 사건을 해결하고 범죄자금을 회수했습니다. 범인들은 개인 투자자를 대상으로 투자를 유도하여 심각한 손실을 입혔는데, 선생님의 송금기록도 확인됩니다""라며 메신저를 보낸 것이다. 여기에 응답하면 ""선생님의 신원증명과 구체적인 투자 정보를 제공하시면 본인 여부를 확인 후 사기 피해금을 모두 환불해 드리겠습니다""라며 가짜 가상자산을 전송해주고 구매를 유도하는 방식으로 전환된다. 경찰청 마약조직범죄수사과장은 ""기관사칭형처럼 전형적인 수법은 범죄 시나리오나 최소한의 키워드라도 숙지해두면 피해를 예방할 수 있다""면서 ""경찰청에서 공개한 시나리오와 예방 영상을 통해 범죄 수법 및 예방법을 익혀두고, 가족과 지인에게 공유한다면 평생 모은 소중한 재산을 지킬 수 있다""고 밝혔다. 범죄 시나리오 및 예방 영상은 경찰청 유튜브에서 확인할 수 있다. ◎공감언론 뉴시스 nam@newsis.com"
"""킥보드 QR찍었더니 악성앱이""··· 젊은층 겨냥하는 '큐싱'",https://www.jeollailbo.com/news/articleView.html?idxno=741847,2024-10-10,"익산에 거주하는 정모(28)씨는 최근 개인형 이동장치(PM) 전동킥보드를 타기 위해 스마트폰으로 QR코드를 촬영했다가 황당한 일을 겪었다. 불과 며칠 전까지 QR코드가 잘 스캔돼 아무 문제없이 킥보드를 타고 다녔지만, 이상하게도 이번에는 여러 차례 결제 오류가 났기 때문이다. QR코드를 유심히 확인해보니 정상 QR코드 위에 누군가 악성 QR코드로 보이는 스티커를 덧붙여 놨던 것. 정씨는 “다행히 QR스캔 후 접속 다음 단계까지 진행하지 않았지만, 찜찜한 마음에 스마트폰에 저장된 금융 앱 비밀번호를 다시 다 바꿨다”며 “급한마음에 악성 QR코드 지시대로 따랐으면 개인정보는 물론 금전까지 빠져나갔을 생각하니 아찔했다”고 회상했다. QR코드를 이용한 피싱의 일종인 ‘큐싱’이 전북에서도 확산되고 있는 것으로 나타나 도민들의 각별한 주의가 요구된다. 큐싱이란 QR코드(Quick Resopnse)와 피싱(Phishing)의 합성어로 사용자가 QR코드를 스캔하면 악성 코드가 들어 있는 앱을 설치하도록 유도해 개인정보 등을 탈취해 가는 신종 사기 방식이다. Video Player is loading. Play Video 더알아보기 Play Unmute Current TimeÂ 0:00 / DurationÂ 0:00 Loaded : 0% Progress : 0% Stream TypeÂ LIVE Remaining TimeÂ -0:00 Playback Rate 1x Chapters Chapters Descriptions descriptions off , selected Subtitles subtitles settings , opens subtitles settings dialog subtitles off , selected Audio Track Fullscreen This is a modal window. Beginning of dialog window. Escape will cancel and close the window. Text Color White Black Red Green Blue Yellow Magenta Cyan Transparency Opaque Semi-Transparent Background Color Black White Red Green Blue Yellow Magenta Cyan Transparency Opaque Semi-Transparent Transparent Window Color Black White Red Green Blue Yellow Magenta Cyan Transparency Transparent Semi-Transparent Opaque Font Size 50% 75% 100% 125% 150% 175% 200% 300% 400% Text Edge Style None Raised Depressed Uniform Dropshadow Font Family Proportional Sans-Serif Monospace Sans-Serif Proportional Serif Monospace Serif Casual Script Small Caps Reset restore all settings to the default values Done Close Modal Dialog End of dialog window. 18일 전북특별자치도경찰청에 따르면 최근 3년(2021~2023)간 큐싱을 포함한 사이버금융범죄 발생 건수는 2,982건이며, 연평균 994건으로 집계됐다. 연도별로는 2021년 878건(검거 237건), 2022년 870건(검거 235건), 2023년 1,234건(검거 216건)으로 나타났다. 특히 큐싱 범죄는 대부분 중장년층이 피해를 보는 보이스피싱과 달리 QR코드를 많이 활용하고 익숙한 젊은층이 주요 타킷이다. 스캔 전까지 정상 QR코드 여부와 발행자가 누군지 알 수 없어 범죄에 대응하기 쉽지도 않다. 흔히 알려진 수시가관 및 금융기관을 사칭해 돈을 빼가는 보이스피싱과 문자메시지에 악성 사이트 주소를 첨부해 개인정보를 빼내는 스미싱과 비교하면 사기임을 구분하기 더 어렵다. 수법도 더욱 교묘해지고 날로 지능화되고 있다. 우리 일상에서 흔히 보이는 전동킥보드나 공유자전거를 이용하기 위한 QR코드 위에 가짜 QR코드를 덧씌우는 것은 물론, 주차 딱지 등에 악성 QR코드를 새겨놓고 벌금 납부로 거짓 유인해 금전을 빼앗아 가는 추세다. 이에 대해 최경호 큐싱방지안심큐알인증협회장은 “기본 피싱 수법과 달리 큐싱은 피싱 페이지로 바로 넘어가는 특징이 있어 즉각적인 방어가 어렵다”며 “이용자들은 스스로 QR코드 인식에 경각심을 갖고 주의를 기울이는 등 출처가 불분명한 QR스캔은 금해야 한다” 말했다. 이어 “많은 앱 개발사는 이와 관련 악성 프로그램 탐지 앱 개발에 나서 이용자들이 더 이상 큐싱에 피해를 보지 않게끔 앱 개발에 적극적으로 나설 필요가 있다”고 덧붙였다. 홍건호 기자 innerpeace7366@naver.com 기자의 다른기사 저작권자 © 전라일보 무단전재 및 재배포 금지"
가계 대출 옥죄자 ‘대환대출 미끼’ 보이스 피싱 기승…“주의 당부”,https://www.nbntv.co.kr/news/articleView.html?idxno=3026475,2024-10-23,"기사의 이해를 돕기 위한 이미지. (사진 제공=픽사베이) | 내외경제TV=김민호 기자 | 보이스 피싱 범죄 수법이 나날이 진화하면서 금융소비자들의 각별한 주의가 당부 된다. 17일 <내외경제TV> 취재에 따르면, 최근 금융당국의 가계대출 건전성 제고에 맞춰 시중 은행이 대출 규제 강화 및 대출 금리 인상 등으로 가계 대출을 옥죄자 대환대출을 미끼로 한 보이스 피싱이 기승을 부리고 있는 것으로 확인됐다. 신규 대출이 거절되거나 기존 대출 연장이 거부될 것을 우려한 차주들을 대상으로 값싼 금리와 높은 한도 등을 미끼로 대출을 유도하는 방식이다. ▲기준 금리 인하에 값싼 이자로 대출 갈아타세요 최근 보이스 피싱 사기를 당한 A 씨는 한국은행의 기준금리 인하 소식에 값싼 이자로 대출을 변경해준다는 유혹에 피싱범의 안내대로 절차를 진행하는 과정에서 약 200만 원의 금전 피해를 입었다. 범인은 A 씨에게 한국은행이 3년 만에 기준금리를 낮췄지만, 시중은행은 현재 가계대출을 줄이라는 금융당국의 주문에 따라 이를 쉽게 반영하지 못해 본인들에게 정책자금이 주어졌다며 A 씨에게 현재 가지고 있는 대출을 모두 상환하는 조건으로 대출을 진행해 주겠다고 접근했다. A 씨는 “현재 약 13%에 달하는 대출 약 4500만 원을 보유하고 있다고 말하니 정책 자금으로 해당 대출을 상환하고 한 곳으로 모으면 금리를 2%대로 낮출 수 있다고 유혹했다”고 당시 상황을 설명했다. 이어 “조회 과정에서 세금 체납된 건이 있어 승인이 안 난다며 안내한 계좌번호로 우선 200만 원을 보내라고 안내했다”며 “직접 납부해도 상관 없지만, 본인들이 여기서 처리를 하면 즉시 해제가 되기 때문에 5분 안에 처리가 되고 직접 납부할 경우 시스템 정보가 최신화 되려면 2~3일 정도 소요될 수 있어 정책 자금이 모두 소진될 우려가 있다고 말했다”며 사기 수법에 대해 이야기했다. A 씨는 “우선 세금을 납부해 승인을 풀고 만약 이중 납부된 세금이라면 익일 다시 환급된다는 말에 “나라에서 돈을 떼먹겠냐”는 생각으로 입금했다”며 “입금한 후에 추가로 세금 납부 500만 원을 요구하기에 그만한 현금은 없어 직접 확인하고 카드로 납부하겠다고 말했더니 이후 전화를 받지 않았다”고 말했다. ▲ 저희는 대출 승인 코드를 가진 대출 수탁업자입니다. 대출 수탁업자를 가장한 보이스 피싱도 기승을 부리고 있다. 본인이 저축은행이나 온라인 은행 등에서 대출 업무를 수탁받은 하청업체 직원이라 소개하며 대환대출을 유도하는 방식이다. 최근 보이스 피싱으로 의심되는 전화를 받은 B 씨는 기존에 사용하고 있던 대출들을 한 곳으로 모아 관리하고 지금보다 낮은 금리로 이용할 수 있게 해준다는 전화를 받았다. B 씨는 “개인 휴대폰 번호로 전화가 와서 받아보니 본인을 SBI저축은행과 OK저축은행의 수탁업자라고 소개했다”며 “기존에 이용하고 있던 대출 5건을 한 곳으로 모아 더욱 저렴한 이자로 편하게 관리하게 해주겠다며 대환대출을 유도했다”고 말했다. 이어 “전화로 1억 원이 넘는 대출을 진행하는 것이 미심쩍어 소속과 명함을 요구하자 본인은 OK저축은행 수탁사 직원이며, 대출 서류에 코드가 들어갈 뿐 명함은 없다고 말했다”며 “회사 대표번호라도 안내를 해달라니까 진행하실 것 아니면 빨리 말씀을 해달라며 언성을 높이더니 전화를 끊었다”고 설명했다. ▲‘관리자’라고 속여 지인 정보 얻어낸 후 지인명의 대출 실행 여러 건의 대출을 보유하고 있어 추가 대출이 안 나오는 차주들을 노린 지인 대출 삼자 사기 수법도 있었다. 대환대출 조건으로 현재 보유하고 있는 대출보다 많은 금액을 대출해 줄 수 있지만, 해당 대출금으로 기존 대출을 반드시 상환해야 한다며 이를 감독해 줄 ‘관리자’가 필요하다고 설득해 관리자의 금융 정보를 얻어내 대출을 진행한 후 대출금을 빼돌리는 방식이다. 1억1000만 원의 대출을 보유하고 있던 차주 C 씨는 최근 보이스 피싱 범으로부터 황당한 요구를 받았다. 보이스 피싱범은 C 씨에게 본인이 보유하고 있는 대출을 한 곳에 옮겨주는 대환대출을 실행해 금리를 낮추고 추가로 여유자금까지 일부 대출을 진행해 준다는 방식으로 접근했다. 다만, C 씨가 이미 많은 대출을 보유하고 있어 대출금이 지급되면 기존 보유 대출을 우선 상환하도록 감독해 줄 ‘관리자’를 지인 중에 섭외해야 한다고 요구했다. 피싱범은 “채무자분께서 대출을 받고 주식, 코인, 온라인 도박 등 다른 곳에 사용할 우려가 있어 지인을 관리자로 등록하고 C 씨가 채무를 잘 상환하는 지 옆에서 3일정도 지켜보는 것이다”라며 “C 씨가 기존 대출을 상환하는 순간 지인의 의무는 끝난다”고 말했다. 이에 C 씨의 부탁을 받고 관리자 역할을 담당하기 위해 피싱범과 통화한 D 씨도 황당한 이야기를 들었다. D 씨는 “보이스 피싱범은 통화 당시 본인을 저축은행 대출 수탁법인 직원이라고 소개했다”며 “C 씨의 대출 진행을 돕기 위해 제 신분증과 사대보헙 납부 확인서 등 소득 증빙 자료를 요구했다”고 설명했다. 이어 “내가 대출을 받는 것도 아닌데 내 신분증과 소득 증빙자료 등을 요구하는 것이 납득할 수 없어 회사명이나 창구 상담을 요구했지만, 대출 고객은 C 씨이며 D 씨는 관계가 없는 사람이기 때문에 안내할 수 없다고 답했다”며 “내가 C 씨의 보증을 서는 것이냐고 물어봐도 그 것은 아니고 그냥 관리인으로 대출이 진행된 후 그냥 3일 정도 C 씨를 감시해 대출을 상환하는 지 여부를 보면 모든 책임이 끝난다고 설명해 줬다”고 말했다. 또 “의심이 들어 몇 가지 질문을 했더니 시간을 끌면 C 씨의 대출 한도가 없어진다”며 “C 씨를 도와줄 생각이 없으면 얼른 말씀하고 다른 분을 찾을 수 있게 도와줘야 한다고 압박했다”고 덧붙였다. D 씨는 “이후 너무 의심스러워 C 씨에게 수상하니 진행을 멈추자고 말한 후 인터넷 검색을 해보니 내 명의로 대출을 진행시킨 후 (내 통장에 들어온 돈을) 관리자 통장으로 입금 했으니 대출 상환을 진행하라며 다른 계좌로 입금하도록 유도하는 신종 보이스 피싱 범죄였다”고 설명했다. 한 저축은행 관계자는 “대출 수탁업자의 경우 1인 1사와의 계약을 원칙으로 하기 때문에 두개의 저축은행 대출을 동시에 취급할 수 없다”며 “수탁업체와 관련된 정보는 홈페이지를 통해 공시하게 돼 있으며, 수탁업체의 이름과 소속 직원에 대한 정보를 확인할 수 있다”고 설명했다. 이어 “비대면 대출의 경우 우선 정보를 꼼꼼하게 찾아보는 것이 좋고, 창구 상담을 기피하고 전화로만 진행이 가능한 상품이라고 설명할 경우 의심할 필요가 있다”고 덧붙였다. 또 다른 금융업계 관계자는 “모든 대출은 본인의 직업, 소득, 신용 정보를 토대로 진행될 뿐 타인의 정보를 요구하는 경우는 없다”며 “보이스 피싱, 스미싱 등 금융 범죄 수법이 나날이 발전하는 만큼 범죄 예방을 위해 꾸준히 신규 사례를 찾아보고 조금의 의심이라도 있을 때는 창구에 직접 방문해 보는 등 금융소비자의 각별한 주의가 필요하다”고 당부했다. 김민호 기자 kmh0320@nbntv.co.kr 다른기사 보기 저작권자 © 내외경제TV 무단전재 및 재배포, AI학습 및 활용 금지"
로고까지 같은 이메일…‘쿠팡 사칭’ 피싱 피해 잇따라,https://www.ichannela.com/news/main/news_detailPage.do?publishId=000000427077,2024-10-10,"Video Player is loading. Play Video Play Seek back 10 seconds Seek forward 10 seconds Mute Current Time 0:00 / Duration 1:56 Loaded : 3.31% 0:00 Stream Type LIVE Seek to live, currently behind live LIVE Remaining Time - 1:56 1x Playback Rate Chapters Chapters Descriptions descriptions off , selected Subtitles subtitles settings , opens subtitles settings dialog subtitles off , selected Audio Track default , selected Picture-in-Picture Fullscreen This is a modal window. Beginning of dialog window. Escape will cancel and close the window. Text Color White Black Red Green Blue Yellow Magenta Cyan Transparency Opaque Semi-Transparent Background Color Black White Red Green Blue Yellow Magenta Cyan Transparency Opaque Semi-Transparent Transparent Window Color Black White Red Green Blue Yellow Magenta Cyan Transparency Transparent Semi-Transparent Opaque Font Size 50% 75% 100% 125% 150% 175% 200% 300% 400% Text Edge Style None Raised Depressed Uniform Dropshadow Font Family Proportional Sans-Serif Monospace Sans-Serif Proportional Serif Monospace Serif Casual Script Small Caps Reset restore all settings to the default values Done Close Modal Dialog End of dialog window. [앵커] 최근 사용자의 쿠팡 계정에 보안 문제가 생겼다는 메일을 받으셨다면, 바로 삭제하시는 게 좋겠습니다. 사용자 인증을 하라며 순식간에 돈을 빼가는 신종 피싱 수법인데요. 송정현 기자가 자세히 전해드립니다. [기자] 쿠팡 이용자 30대 여성 김모 씨가 어제 받은 이메일입니다. 쿠팡 로고가 들어간 메일에는 김 씨 계정에비정상적 활동이 감지됐다며 재인증을 받으라고 적혀 있었습니다. 당연히 쿠팡에서 보냈다고 믿었다는 김 씨. [김모 씨 / 쿠팡 사칭 피싱 피해자] ""(이메일) 주소를 확인해 가면서 보지는 않는 편이라서 이미지만 봤을 땐 의심의 여지가 사실 없었어요."" 이메일 링크를 눌러 인증 페이지로 접속해 이메일과 비밀번호를 입력하자, 휴대전화와 신용카드 번호를 입력하라고 했고, 정보를 입력한 지 3분도 안돼 간편결제가 승인됐다는 알림이 잇따라 울렸습니다. [김모 씨 / 쿠팡 사칭 피싱 피해자] ""1만 원이 출금이 되고 그래서 '어, 이상하다' 이러고 있었는데 어느 순간에 마이너스 8만 원이 돼 버렸어요."" 피싱범들이 개인 정보로 인터넷 사이트에서 사용 가능한 포인트를 사들인 겁니다. 은행에 지급정지를 요청한 뒤에야 결제는 멈췄습니다. SNS에도 이런 이메일을 받았다는 글이 올라오고 있습니다. 발신된 피싱 메일 주소를 보면 진짜 쿠팡 메일과 완전히 다릅니다. 쿠팡 측은 자신들은 ""이메일이나 전화로 인터넷 링크 접속을 유도하지 않는다""며 ""절대 클릭하지 말라""고  당부했습니다. 채널A 뉴스 송정현입니다. 영상취재: 한효준 영상편집: 강 민 • 송정현 기자 [ssong@ichannela.com] • [채널A 뉴스] 구독하기 Copyright Ⓒ 채널A. All rights reserved. 무단 전재, 재배포 및 AI학습 이용 금지"
"딥페이크 만들어 보낸 뒤 ""지워줄테니 500만원 보내라""... ‘딥페이크 신종 피싱’ 주의보",https://www.womennews.co.kr/news/articleView.html?idxno=252179,2024-09-23,"광주경찰청, 여고생 상대 신종 피싱 신고 접수 ""추적중"" ⓒ연합뉴스 불법합성물(딥페이크)을 만들어 피해자에게 보낸 뒤 인터넷에 떠돌고 있는 합성물을 삭제해 주겠다며 돈을 요구하는 신종 피싱 신고가 접수돼 경찰이 추적 중이다. 광주 모 여고에 다니는 A양은 최근 자신의 얼굴에 다른 사람의 나체를 합성한 사진을 받았다. 사진을 보낸 사람은 이 사진이 인터넷에 떠돌고 있다며 이를 지워주는 조건으로 500만원을 보낼 것을 요구했다. A양은 이런 사실을 경찰에 신고했다. 피해자인 A양은 특정 사회관계망서비스(SNS) 계정에서 상당히 잘 알려진 것으로 전해졌다. 경찰 추적 결과 사진을 보낸 휴대전화와 통장 모두 다른 사람 명의의 이른바 대포폰과 대포 통장이었던 것으로 알려졌다. 광주경찰청 관계자는 ""신종 피싱 사건이 접수돼 수사 중""이라고 밝혔다. 이 관계자는 ""이 합성물이 실제로 유포됐는지 추적중""이라며 ""범인을 검거해야 범행 여부를 파악할수 있을 것""이라고 말했다. 광주청 관계자는 ""이 합성물을 유포할 의도가 있었는지, 실제로 유포가 됐는지가 중요하며 당사자에게만 보냈을 경우에는 범죄가 성립되지 않을수 있다""고 덧붙였다. 다만 피해자가 청소년일 경우 '아동청소년의 성보호에 관한 법률'이 적용돼 당사자에게만 보내도 범죄가 성립된다. 지난달 29일 서울 강남역 인근에서 서울여성회와 서울여성회 페미니스트 대학생 연합동아리 주관으로 딥페이크 성범죄 규탄 여성 시민·대학생 긴급 기자회견이 열리고 있다. ⓒ연합뉴스 이번 사건의 경우 불법합성물 관련 범죄와 사기(피싱) 등 두 가지 혐의가 성립될 수 있다. 반포 등을 할 목적으로 사람의 얼굴·신체 또는 음성을 대상으로 한 촬영물·영상물 또는 음성물을 대상자의 의사에 반하여 성적 욕망 또는 수치심을 유발할 수 있는 형태로 편집·합성 또는 가공한 자는 5년 이하의 징역 또는 5천만원 이하의 벌금에 저해질수 있다. 피싱 혐의의 경우 ‘1년 이상의 유기징역 또는 범죄수익의 3∼5배에 해당하는 벌금형'을 받을 수 있다. 광주청 관계자는 ""인터넷 장의사를 사칭해 딥페이크를 만들어 보낸 뒤 돈을 요구하는 신종 수법의 피싱 신고는 흔하지 않다""며 ""이런 협박을 받았을 경우에는 당사자들끼리 얘기하지 말고 경찰에 즉시 신고해 줄 것""을 당부했다. 이 관계자는 ""당사자들끼리 얘기할 경우 상대를 자극해 합성물을 유포할 가능성도 있다""고 설명했다. 한편, 딥페이크 성착취 피해를 확인한 경우 신뢰할 수 있는 사람 및 피해지원 전문기관 등에 즉시 도움을 청해야 한다. 디지털성범죄피해자지원센터는 ""디지털 공간에서 피해가 발생한 경우 피해자 본인이 맞는지 확인하고 최소한의 증거를 확보해야 수사기관에서 사건처리가 가능하다""고 설명했다. 증거자료는 촬영물 원본, 유포된 사이트 URL, 지인 제보, 대화 내용 캡처, 가해자 정보 등이다. 합성·편집물을 보내오며 협박하는 경우 결코 협박에 대응하지 않아야 한다.대화 내용 및 합성·편집 피해촬영물 원본 또는 사본 증거확보 후 가해자를 차단해야 한다. 만약, 경찰이 아닌 개인이 합성편집물에 대해 제보한다며 피해자의 얼굴 등 신체 확인이 필요하다고 추가 촬영물 혹은 개인정보 요구한다면 거절해야 한다. 딥페이크 성적허위 영상물 신고는 방송통신심의위원회로 전화 1377과 홈페이지를 방문해 할 수 있다. 경찰 신고는 112, 그 외 신고관련 상담은 182번을 통해 할 수 있다. ⓒ전교조 여성위원회 여가부 “추석 연휴에도 ‘딥페이크 성범죄’ 피해상담 정상 운영” 미성년자 성범죄 가해자 12%…“젠더폭력 다양해지고 복잡해져” 10대, 텔레그램 딥페이크 반격에 나서다 딥페이크 피해 사실을 발견했다면? URL, 원본 확보해 전문기관에 신고부터 다시 혜화역 뒤덮은 분노의 목소리… “딥페이크 성범죄 가담자 모조리 처벌하라” 키워드 #딥페이크 #피싱 #광주 #아동청소년 #대포폰 #통장 유영혁 기자 press@womennews.co.kr 다른기사 보기 저작권자 © 여성신문 무단전재 및 재배포 금지"
"""저작권 침해로 소송 들어갑니다""…대형로펌 사칭 신종 피싱 주의보",https://www.hankyung.com/article/2024081287001,2024-09-23,"기업들을 대상으로 대형 로펌 또는 로펌 소속 변호사를 사칭한 피싱(개인정보를 이용한 사기) 범죄가 활개 치고 있다. 로펌들은 홈페이지에 개별 변호사의 사진과 내선 번호, 이메일 주소 등 개인정보를 자세히 기재하고 있어 피싱 범죄 타깃이 되면 취약할 수밖에 없다. 12일 법조계에 따르면 최근 태평양, 광장, 세종, 율촌, 지평, 바른, 대륙아주 등 국내 10위권 로펌에 해당 로펌 또는 소속 변호사를 사칭하는 이메일이 대량으로 발송됐다는 제보가 수십 건 접수됐다. ADVERTISEMENT 해당 메일은 기업과 개인을 막론하고 무작위로 뿌려진 것으로 알려졌다. ‘지적재산권 침해 통지서’ ‘저작권 침해 통지’ 등의 제목과 함께 ‘저희는 A(로펌명) 법률사무소입니다. 저희는 귀하가 B사(기업명)의 이미지 및 비디오 저작권을 침해했다는 이유로 소송을 제기할 권한을 부여받았습니다…저작권법 및 관련 규정에 따라 48시간 내로 B사의 침해된 이미지와 비디오를 즉시 삭제하고 해당 콘텐츠의 재개시를 막아주시길 바랍니다’라는 글이 적혔다. 메일에 첨부된 PDF 파일을 내려받으면 즉시 악성 프로그램에 감염되거나 피싱 사이트로 연결되도록 설정됐다. 메일에는 각 로펌의 로고까지 첨부됐다. 이 밖에 SNS를 통해 소속 변호사를 사칭해 수임료 및 합의금을 가로채려 한 사례도 있었던 것으로 전해졌다. 한 로펌 관계자는 “대형 로펌뿐 아니라 중소형 로펌까지 무작위로 사칭 대상이 되고 있다”고 했다. 주요 로펌은 이런 사실을 인지한 즉시 메일 발신자에게 경고장을 발신하고, 개별 고객에게 대처 방법 등이 포함된 안내 메일을 보내는 등 예방 조치를 취했다. 홈페이지에는 해당 메일을 받는 대로 로펌 또는 경찰에 신고해달라는 공지문을 띄웠다. ADVERTISEMENT 일부 로펌에선 사무실 관할 경찰서 또는 한국인터넷진흥원(KISA)에 해당 내용을 직접 신고한 사례도 있는 것으로 알려졌다. 그러나 아직까지 로펌 사칭에 따른 직접적인 피해는 없는 것으로 전해졌다. 로펌업계에선 고객 신뢰가 최우선인 만큼 추가 적발 시 즉각 법적 조치를 하겠다는 입장이다. 한 로펌 관계자는 “경찰 수사가 정식으로 착수되기 전까지는 발신자의 신원 자체를 파악하기 어렵다”며 “수사 의뢰를 포함해 법적 대응을 검토하는 중”이라고 말했다. 장서우 기자 suwu@hankyung.com"
정부 사칭 주의하세요!,http://www.segye.com/content/html/2024/05/01/20240501505262.html,2024-07-25,"1일부터 시행되는 K-패스 사업과 관련해 유사한 명칭을 붙인 민간 업체의 어플리케이션(앱)이 등장해 주의가 필요하다. 국토교통부 대도시권광역교통위원회 K-패스를 사용하기 위해서 공식 모바일 앱을 설치해야 한다고 이날 밝혔다. 앱마켓에서 검색하면 나오는 K-패스 공식 앱. 국토교통부 제공 K-패스는 월 15회 이상 대중교통 이용 시 대중교통비의 일부(20~53%)를 익월에 환급하는 사업이다. 현재 앱 마켓에서 한국교통안전공단이 공식 배포한 K-패스 앱 외에도 유사한 명칭의 민간 앱이 다수 검색된다. 이 가운데 일부 앱은 과도한 광고를 표출하거나 유료 서비스 결제를 유도하는 경우도 있다. 대광위는 앱 마켓에서 ‘K-패스’로 검색해 나온 한국교통안전공단의 앱을 설치하라고 안내했다. PC 홈페이지의 경우 ‘korea-pass.kr’ 주소를 입력하면 된다. 대광위는 경찰 등 관계 당국과 구글 및 애플 등 플랫폼사와 협의해 추가적인 이용자 불편이 발생하지 않도록 예방하고 관련 조치를 신속히 이행될 수 있도록 하겠다고 밝혔다. 대광위는 “정부는 어떠한 경우에도 과도한 광고를 표출하거나 유료 결제를 유도하지 않고 있다”며 “앱과 홈페이지를 비롯한 다양한 온·오프라인 채널을 통해 이용자의 각별한 주의가 필요하다는 공지를 게시하는 등 관련 사항을 적극적으로 안내할 계획”이라고 밝혔다. 백소용 기자 swinia@segye.com [ⓒ 세계일보 & Segye.com, 무단전재 및 재배포 금지]"
"신종사기, 레터피싱을 조심하세요!",https://www.kihoilbo.co.kr/news/articleView.html?idxno=1088782,2024-07-09,"박진영 인천서부경찰서 경무계 경장 보이스피싱 수법이 세상에 알려지고 이에 대한 예방수칙이 널리 퍼지자 이번에는 ‘레터피싱’이 새롭게 등장했다. 레터피싱이란 위조 우편물 도착안내서를 이용해 전화를 유도, 신분증을 요구하는 신종 사기 수법이다. 우편물 도착안내서에 적힌 번호를 보고 전화를 걸면 신분증을 우편함에 넣어 두라고 요구하거나, 해당 우편물이 검찰청에 있다며 피해자 개인정보를 탈취하는 것이 대표적 수법이다. 만약 우편물을 받을 수 없는 상황이라면 우편물 내용을 확인할 수 있는 링크를 보내 주겠다며 해당 사이트로 연결시켜 개인정보를 입력하게 하는 수법으로 변하기도 한다. 이 같은 ‘레터피싱’의 예방수칙은 다음과 같다. 도착안내서에 적힌 번호가 아닌, 기관의 대표 번호에 전화를 걸어야 한다. 우편물에 전화번호가 적혔더라도 꼭 우체국 등 대표번호에 확인하는 습관을 가져야 한다. 수사기관은 특정 앱 설치를 요구하거나 사이트 접속을 요구하지 않음을 기억해야 한다. 정부, 공공기관은 전화로 신분증(개인정보), 현금 등을 요구하지 않는다. 우체국에서는 등기우편을 직접 수령하는 경우 대면으로 신분증을 요구한다. 만약 레터피싱이 의심된다면 우편물 등 발신자 주소, 전화번호 등 꼼꼼히 확인하고 공문서라도 다시 한번 확인하는 것이 신종 사기수법에 대응하는 방법이다. 누구나 일상에서 피해자가 될 수 있음을 항상 명심하고 대처 요령을 숙지해 레터피싱 등 신종 사기가 의심된다면 적극 신고하는 것이 피해를 예방하는 길이다. 보이스피싱 같은 사기는 한번 당하는 것만으로도 크나큰 손실을 가져온다. 상기 사례를 숙지해 사기범에 속아 넘어가지 않기를 재삼·재사 당부한다. 기호일보 - 아침을 여는 신문, KIHOILBO 기호일보 webmaster@kihoilbo.co.kr 다른기사 보기 저작권자 © 기호일보 - 아침을 여는 신문 무단전재 및 재배포 금지"
"""세금환급 위해 신분증 사진 보내주세요""… 알고보니 보이스피싱",https://v.daum.net/v/20240103133052087?x_trkm=t,2024-01-24,"""세금환급 위해 신분증 사진 보내주세요""… 알고보니 보이스피싱 강한빛 기자 2024. 1. 3. 13:30 요약보기 자동요약 기사 제목과 주요 문장을 기반으로 자동요약한 결과입니다. 전체 맥락을 이해하기 위해서는 본문 보기를 권장합니다. 새해를 맞아 연말정산, 합격문자 등을 빙자한 보이스피싱 사기 수법이 기승을 부리면서 금융감독원이 소비자주의보를 내렸다. 사기범들은 문자메시지 내 번호로 문의할 경우 카드번호, 계좌번호 등의 개인정보를 입력하도록 해 취득한 개인정보를 추가 범죄에 이용하고 있다. 사기범들은 국세청 등을 사칭해 연말정산, 세금환급을 위해 개인정보가 필요하다며 신분증 사진, 계좌번호 등을 요구하고 있다. 닫기 음성으로 듣기 음성재생 설정 남성 여성 느림 보통 빠름 음성 재생하기 닫기 음성 재생 중지 번역 설정 번역 beta Translated by kaka i 한국어 - English 영어 日本語 일본어 简体中文 중국어 Nederlands 네델란드어 Deutsch 독일어 Русский 러시아어 Malaysia 말레이시아어 বাঙ্গোল ভাষা 벵골어 tiếng Việt 베트남어 Español 스페인어 اللغة العربية 아랍어 Italiano 이탈리아어 bahasa Indonesia 인도네시아어 ภาษาไทย 태국어 Türkçe 튀르키에어 Português 포르투갈어 Français 프랑스어 हिन्दी 힌디어 닫기 번역중 Now in translation 글씨크기 조절하기 글자크기 설정 파란원을 좌우로 움직이시면 글자크기가 변경 됩니다. 가 매우 작은 폰트 작은 폰트 보통 폰트 큰 폰트 매우 큰 폰트 가 이 글자크기로 변경됩니다. (예시) 가장 빠른 뉴스가 있고 다양한 정보, 쌍방향 소통이 숨쉬는 다음뉴스를 만나보세요. 다음뉴스는 국내외 주요이슈와 실시간 속보, 문화생활 및 다양한 분야의 뉴스를 입체적으로 전달하고 있습니다. 닫기 인쇄하기 사진=이미지투데이 #. 직장인 A씨는 어느날 B세무서 직원에게 80만원 상당의 미환급 세금이 있다는 연락을 받았다. 직원은 세금 환급을 위해 신분증 사진, 계좌번호, 비밀번호 등의 정보가 필요하다고 말했고 A씨는 개인정보 및 금융거래정보를 알려 줬다. 하지만 이는 사기. 사기범은 피해자 명의로 C카드사로부터 대출을 받는 건 물론 피해자 명의를 도용해 D저축은행 계좌를 개설해 자금을 편취했다. 새해를 맞아 연말정산, 합격문자 등을 빙자한 보이스피싱 사기 수법이 기승을 부리면서 금융감독원이 소비자주의보를 내렸다. 3일 금융감독원에 따르면 최근 개인정보 도용을 통한 카드 발급, 해외 부정사용이 의심된다는 카드사 사칭 문자메시지가 횡행하고 있다. 사기범들은 문자메시지 내 번호로 문의할 경우 카드번호, 계좌번호 등의 개인정보를 입력하도록 해 취득한 개인정보를 추가 범죄에 이용하고 있다. 연말정산, 세금환급을 빙자한 개인정보 요구도 늘고 있다. 사기범들은 국세청 등을 사칭해 연말정산, 세금환급을 위해 개인정보가 필요하다며 신분증 사진, 계좌번호 등을 요구하고 있다. 이후 피해자의 신분증 사진으로 휴대전화를 신규 개통하고 피해자 명의로 계좌 개설 및 대출을 실행하고 있다. 아울러 사기범들은 대학 또는 기업을 사칭해 입학(취업) 합격 확인 문자메세지를 보내는 것으로 나타났다. 금감원은 정부기관과 금융사는 전화나 문자를 통한 개인정보 제공, 자금 송금 등을 절대 요구하지 않는다고 강조했다. 악성앱을 통한 개인정보 탈취 사례도 늘고 있어 계좌번호나 비밀번호, 신분증 사진 등을 휴대전화에 저장하는 것도 피할 필요가 있다는 게 금감원의 조언이다. 제도권 금융사의 전화번호를 미리 확인하거나 금융사의 지연이체 서비스 등 보이스피싱 사기예방 서비스를 활용하는 것도 방법이다. 만약 보이스피싱 피해 당했다면 본인 또는 사기범 계좌가 속한 금융회사나 보이스피싱 통합신고 대응센터에 지체없이 신고해 계좌지급 정지를 신청해야 한다. 신속한 지급정지로 잔액이 남아있다면 금감원의 피해금 환급절차로 피해 구제가 가능하기 때문이다. 명의도용 피해가 의심된다면 '계좌정보 통합관리서비스' 사이트에서 본인 명의로 개설된 계좌나 대출을 확인해 피해여부를 확인할 수 있다. 본인도 모르게 개설된 계좌가 있다면 '내계좌지급정지' 메뉴에서 일괄 지급정지 신청도 가능하다. 신분증 사본 등을 제공했거나 출처 불문의 인터넷주소를 클릭해 개인정보가 노출됐다면 금융소비자포탈 '파인' 홈페이지에서 '개인정보노출자'로 등록할 수도 있다. 신규 계좌개설과 신용카드 발급 등이 제한돼 추가적인 명의도용 피해를 예방할 수 있다. 휴대폰 명의도용방지 서비스를 이용해 본인 모르게 개통된 이동통신사 가입현황도 조회할 수 있다. 금감원 관계자는 ""조회 결과 명의도용을 통한 개통이 확인되면 해당 통신사에 연락해 회선 해지 신청과 명의도용 신고를 병행할 수 있다""고 설명했다. 강한빛 기자 onelight92@mt.co.kr <저작권자 ⓒ '성공을 꿈꾸는 사람들의 경제 뉴스' 머니S, 무단전재 및 재배포 금지> Copyright © 머니S & moneys.co.kr, 무단 전재 및 재배포 금지 머니S에서 직접 확인하세요. 해당 언론사로 이동합니다. ""나라에 1억 넘게 벌어줘""… 불법주정차 신고 2827건 인증 눈길 - 머니S 미국서 공개되는 갤럭시S24, 사전 예약 혜택 뭐길래 - 머니S SBS 지키고 매출 2000억원 계열 파는 태영… ""워크아웃 적신호"" - 머니S 헬릭스미스, 엔젠시스 당뇨병성 신경병증 임상 3상 실패 - 머니S 캔맥주 마시고픈데… 식당서 병맥주만 내놓는 이유 - 머니S 9급 공무원 초봉 '3000만원 돌파'… 전년대비 6.3% 상승 - 머니S 하네다공항 사고기 379명 전원 생존, 외신도 집중보도… ""기적적"" - 머니S 中 BYD, 지난해 4분기 테슬라 누르고 글로벌 전기차 판매 1위 - 머니S 겨울철 화재 '또'… 서울 용산 여관서 화재, 1명 심정지 - 머니S HD현대건설기계, 인니 사업 본격화… ""현지 톱5 업체로 도약"" - 머니S"
"금감원, 연초 맞아 카드발급·연말정산 보이스피싱 주의보 발령",https://n.news.naver.com/mnews/article/079/0003849270?sid=101,2024-01-24,"카드 도용 안내하며 개인정보 요구 대학 합격 문자 메신저 피싱도 활개 연합뉴스 금융감독원은 연말연시를 전후해 카드발급, 연말정산 등으로 금융소비자를 유인하는 보이스피싱 사기 수법이 활개를 치고 있다며 유의를 당부했다. 금감원은 3일 이같은 내용의 소비자경보 주의 단계를 발령했다. 금감원에 따르면 사기범들은 카드사를 사칭해 개인정보가 도용돼 카드 신규 발급이 필요하다거나 해외 부정 사용이 의심된다는 문자메시지를 불특정 다수에게 발송했다. 문자메시지 내 번호로 문의하면 카드번호, 계좌번호 등 개인정보를 입력하도록 유도해 이를 추가 범죄에 이용하기도 했다. 이와 함께 사기범들은 국세청 등을 사칭해 연말정산, 세금 환급을 위해 개인정보가 필요하다며 신분증 사진, 계좌번호 등을 요구하기도 했다. 사기범들은 피해자의 신분증 사진으로 휴대전화를 개통하고, 개통한 번호로 본인인증을 받아 피해자 명의로 대출을 받아챙겼다. 또 대학이나 기업을 사칭해 입학(취업) 합격 문자메시지를 보내고 링크를 클릭한 사람들 휴대폰에 악성앱을 심는 메신저 피싱(문자 금융사기)도 일삼았다. 금감원 관계자는 ""개인정보 제공과 자금 이체 요청은 무조건 거절해야 한다""며 ""악성 앱이 설치된 경우 휴대전화에 저장된 정보가 탈취될 수 있어 계좌번호, 비밀번호, 신분증 사진을 휴대전화에 저장하지 말라""고 당부했다. ※ CBS 노컷뉴스는 여러분의 제보로 함께 세상을 바꿉니다. 각종 비리와 부당대우, 사건사고와 미담 등 모든 얘깃거리를 알려주세요. 이메일 : jebo @ cbs.co.kr 카카오톡 : @노컷뉴스 사이트 : https :// url.kr /b71 afn"
‘국민연금 수급자격 인정통지서’ 열지 마세요 …사칭문자 주의,https://v.daum.net/v/20231211055603044,2023-12-26,"‘국민연금 수급자격 인정통지서’ 열지 마세요 …사칭문자 주의 임지혜 2023. 12. 11. 05:56 요약보기 자동요약 기사 제목과 주요 문장을 기반으로 자동요약한 결과입니다. 전체 맥락을 이해하기 위해서는 본문 보기를 권장합니다. 국민연금공단은 공단을 사칭한 문자메시지(스미싱) 발송 사례를 발견했다며 주의를 당부했다. 10일 국민연금공단에 따르면 최근 '국민연금 복리후생수당 지급통지서' '국민연금 수급자격 인정 통지서' 등 내용의 스미싱 문자가 발송되는 사례가 발생했다. 국민연금공단은 이번 일과 관련해 경찰에 수사를 의뢰할 예정이다. 공단은 ""국민연금공단을 사칭해 수상한 링크가 담긴 문자가 오면 열람하거나 접속하지 말고 국민연금 고객센터나 가까운 지사에 확인해 달라""고 강조했다. 닫기 음성으로 듣기 음성재생 설정 남성 여성 느림 보통 빠름 음성 재생하기 닫기 음성 재생 중지 번역 설정 번역 beta Translated by kaka i 한국어 - English 영어 日本語 일본어 简体中文 중국어 Nederlands 네델란드어 Deutsch 독일어 Русский 러시아어 Malaysia 말레이시아어 বাঙ্গোল ভাষা 벵골어 tiếng Việt 베트남어 Español 스페인어 اللغة العربية 아랍어 Italiano 이탈리아어 bahasa Indonesia 인도네시아어 ภาษาไทย 태국어 Türkçe 튀르키에어 Português 포르투갈어 Français 프랑스어 हिन्दी 힌디어 닫기 번역중 Now in translation 글씨크기 조절하기 글자크기 설정 파란원을 좌우로 움직이시면 글자크기가 변경 됩니다. 가 매우 작은 폰트 작은 폰트 보통 폰트 큰 폰트 매우 큰 폰트 가 이 글자크기로 변경됩니다. (예시) 가장 빠른 뉴스가 있고 다양한 정보, 쌍방향 소통이 숨쉬는 다음뉴스를 만나보세요. 다음뉴스는 국내외 주요이슈와 실시간 속보, 문화생활 및 다양한 분야의 뉴스를 입체적으로 전달하고 있습니다. 닫기 인쇄하기 국민연금공단 사칭 문자메시지. 국민연금공단 국민연금공단은 공단을 사칭한 문자메시지(스미싱) 발송 사례를 발견했다며 주의를 당부했다. 10일 국민연금공단에 따르면 최근 ‘국민연금 복리후생수당 지급통지서’ ‘국민연금 수급자격 인정 통지서‘ 등 내용의 스미싱 문자가 발송되는 사례가 발생했다. 해당 문자메시지에는 인터넷 주소(URL)가 포함돼 있다. 악성코드가 심어진 URL에 접속할 경우 보이스피싱과 스미싱 피해가 발생할 수 있다. 국민연금공단은 이번 일과 관련해 경찰에 수사를 의뢰할 예정이다. 공단은 “국민연금공단을 사칭해 수상한 링크가 담긴 문자가 오면 열람하거나 접속하지 말고 국민연금 고객센터나 가까운 지사에 확인해 달라”고 강조했다. 임지혜 기자 jihye@kukinews.com Copyright © 쿠키뉴스. 무단전재 및 재배포 금지. 쿠키뉴스에서 직접 확인하세요. 해당 언론사로 이동합니다. “서울이 멈춘다”…총파업 이틀 앞, 버스노조 삭발 결의 “민주당 아니다” vs “국힘이 잘한게 뭐냐”, 부산 민심 ‘착잡’ [르포] 판사 88명 모였지만 2시간 논의 끝 빈손…대선 이후 속행 경찰, 한덕수·최상목·이상민 동시 소환…계엄 문건 의혹 조사 “우려 상쇄할 자신 있다”…‘하이파이브’, ‘유아인 리스크’ 딛고 4년 만 정면 승부 [쿠키 대선 정국서 급부상한 거북섬 논란…민주·국힘·개혁신당 공방 지속 [21대 대선] “색깔이 문제” 마포구청 현수막, 특정 정당 연상 논란 요양병원협회 “국고 1조원 투입하면 간병 급여화 실현 가능” 문재인 전 대통령 ‘뇌물수수 혐의’ 재판, 다음달 17일 시작 여자축구대표팀, 전은하 부상 공백에 정민영 대체 발탁"
슬픔까지 이용한 사기…'부고장 스미싱' 주의,https://www.nocutnews.co.kr/news/6060582,2024-07-09,"독자 제공 회사원 A씨는 얼마 전 지인의 부친상 소식을 문자메시지로 받았다. 지인의 연락처로 온 문자메시지에는 '아버님께서 오늘 별세하였기에 삼가 알려드립니다'라는 메시지와 부고장으로 연결되는 인터넷주소(URL)가 담겨있었다. 이전에도 빈소와 발인일, 장례식장 위치 등이 담긴 모바일 부고장을 받아온 만큼 의심을 하지 않았다. 하지만 URL을 눌러도 아무것도 나오지 않았고, A씨는 뒤늦게 지인이 보낸 메시지도 실제 부고도 아니라는 사실을 알게 됐다. 날씨 변화가 크고 추워지며 안타까운 부고 소식도 듣게 되는 가운데, 이런 타인의 슬픔까지도 이용한 사기 범죄가 기승을 부려 주의가 필요하다. 타인의 슬픔과 위로하려는 마음까지도 악용한, 이른바 '부고장 스미싱'이다. 피싱(Phishing)은 개인정보(Private data)와 낚는다(Fishing)의 합성어로, 피해자를 속여 개인정보나 금전을 가로채는 사기를 뜻한다. 그중에서도 문자메시지(SMS)와 피싱(Phishing)을 합친 스미싱은 문자메시지로 URL 접속을 유도해 악성코드를 설치하고 피해를 입히는 수법이다. URL을 눌렀을 때 아무 일이 일어나지 않은 듯 보였어도 안심할 수는 없다. 링크를 누르는 순간 보이지 않는 악성코드가 휴대전화에 심겼을 가능성이 크기 때문이다. 원격제어를 통해 내 개인정보와 금융정보가 유출되는가 하면, 내 전화번호부에 등록된 지인들에게 또 다른 가짜 부고 문자메시지가 전달될 수 있다. 경찰과 전문가들은 수사기관이나 금감원 등을 사칭한 기관사칭형 사기에 대한 인식과 경각심은 높아진 반면, 이렇게 일상생활을 파고든 스미싱이 더욱 교묘해지고 있고 피해도 이어지고 있다고 말한다. 링크는 접속하지 않고 먼저 당사자에게 확인하는 과정이 필요하며, 실수로 링크를 눌렀을 경우에는 설치된 미확인 앱이나 파일, 악성코드를 점검하고 휴대전화 초기화를 하는 것이 좋다고 당부했다. 지금 뜨는 뉴스 ""대통령님이 문 부숴서 의원 끄집어내래""…군 간부 증언 수요일부터 버스 파업…등교·출근 1시간 늦춰질듯 김문수 손잡은 한동훈…'친윤 타도' 외치다 뭇매 국민의힘 '단일화' 구애에…이준석 ""가능성 0%"" 선긋기[박지환의 뉴스톡] ""李·金 공약대로면 나라 빚 2배 늘어…재원 방안 제시해야"" [단독]경찰, 尹 장모 '농지법 위반' 소환…최은순 ""혐의 인정"" ""대가리 박는다, 실시"" 교인들 대하는 전광훈…""광기 그 자체"" 'SNL' 나온 설난영, 김혜경에 ""법카 쓰지마"" 저격…민주당 ""선 지켜라"" 김문수-이준석 막판 단일화 여부 초점…역대 단일화 언제 어떻게?[오목조목] '조근자 반색' vs '야근자 사색'…서울지하철 조기 운행, 당신의 의견은?[노컷투표] ""대통령님이 문 부숴서 의원 끄집어내래""…군 간부 증언 수요일부터 버스 파업…등교·출근 1시간 늦춰질듯 김문수 손잡은 한동훈…'친윤 타도' 외치다 뭇매 국민의힘 '단일화' 구애에…이준석 ""가능성 0%"" 선긋기[박지환의 뉴스톡] ""李·金 공약대로면 나라 빚 2배 늘어…재원 방안 제시해야"" [단독]경찰, 尹 장모 '농지법 위반' 소환…최은순 ""혐의 인정"" ""대가리 박는다, 실시"" 교인들 대하는 전광훈…""광기 그 자체"" 'SNL' 나온 설난영, 김혜경에 ""법카 쓰지마"" 저격…민주당 ""선 지켜라"" 김문수-이준석 막판 단일화 여부 초점…역대 단일화 언제 어떻게?[오목조목] '조근자 반색' vs '야근자 사색'…서울지하철 조기 운행, 당신의 의견은?[노컷투표] ""대통령님이 문 부숴서 의원 끄집어내래""…군 간부 증언 수요일부터 버스 파업…등교·출근 1시간 늦춰질듯 김문수 손잡은 한동훈…'친윤 타도' 외치다 뭇매 국민의힘 '단일화' 구애에…이준석 ""가능성 0%"" 선긋기[박지환의 뉴스톡] ""李·金 공약대로면 나라 빚 2배 늘어…재원 방안 제시해야"" 1 2 ※CBS노컷뉴스는 여러분의 제보로 함께 세상을 바꿉니다. 각종 비리와 부당대우, 사건사고와 미담 등 모든 얘깃거리를 알려주세요. 이메일 jebo@cbs.co.kr 카카오톡 @노컷뉴스 사이트 https://url.kr/b71afn 대전CBS 김정남 기자 메일 네이버 구독 0 1 전체 댓글 0 개 새로고침 NOCUTNEWS NOCUT NAVER KAKAO GOOGLE APPLE 로그인 후 댓글 작성 가능합니다. 0 /300 등록 이 시각 주요뉴스 경찰, 尹 장모 '농지법 위반' 소환…최은순 ""혐의 인정"" 21대 대선 재외선거 잠정투표율 79.5％…역대 최고치 기록 '국무회의 거짓말했나'…한덕수, 경찰 조사 마치고 귀가 4시즌 연속 최하위 삼성, FA 이근휘 3억2천·한호빈 3억 계약 외화예금 석달째 감소…""원자재 대금 지급 등 영향"" 초여름 날씨 서울 낮 26도까지 올라…금요일엔 서울 29도 더 오른다"
“택배 보관 중입니다” 문자 링크 클릭... 14명이 5억 뜯겼다,https://v.daum.net/v/20231120181731441,2023-11-28,"“택배 보관 중입니다” 문자 링크 클릭... 14명이 5억 뜯겼다 박선민 기자 2023. 11. 20. 18:17 번역 설정 번역 beta Translated by kaka i 한국어 - English 영어 日本語 일본어 简体中文 중국어 Nederlands 네델란드어 Deutsch 독일어 Русский 러시아어 Malaysia 말레이시아어 বাঙ্গোল ভাষা 벵골어 tiếng Việt 베트남어 Español 스페인어 اللغة العربية 아랍어 Italiano 이탈리아어 bahasa Indonesia 인도네시아어 ภาษาไทย 태국어 Türkçe 튀르키에어 Português 포르투갈어 Français 프랑스어 हिन्दी 힌디어 닫기 번역중 Now in translation 글씨크기 조절하기 글자크기 설정 파란원을 좌우로 움직이시면 글자크기가 변경 됩니다. 가 매우 작은 폰트 작은 폰트 보통 폰트 큰 폰트 매우 큰 폰트 가 이 글자크기로 변경됩니다. (예시) 가장 빠른 뉴스가 있고 다양한 정보, 쌍방향 소통이 숨쉬는 다음뉴스를 만나보세요. 다음뉴스는 국내외 주요이슈와 실시간 속보, 문화생활 및 다양한 분야의 뉴스를 입체적으로 전달하고 있습니다. 닫기 인쇄하기 택배 사칭 문자. /경기남부경찰청 뉴스1 택배업체를 사칭해 악성코드가 담긴 링크를 보낸 뒤, 여기에 접속하면 개인정보를 빼내는 방식으로 5억원 상당의 돈을 뜯어낸 중국 피싱 조직의 인출책들이 경찰에 붙잡혔다. 현재 경찰은 해당 피싱 조직의 총책을 특정해 인터폴에 공조를 요청한 상태다. 경기남부경찰청 사이버수사과는 20일 사기 혐의로 중국 피싱 조직 인출책인 20대 한국인 A씨 등 2명을 구속하고, 금융거래법 위반 혐의로 통장 대여자 B씨 등 2명을 불구속 입건해 검찰에 송치했다고 밝혔다. 경찰에 따르면 이들이 속한 피싱 조직은 특정 택배업체를 사칭해 범행했다. 범행 방식은 이랬다. “주소불일치로 물품 보관 중입니다”라는 문자를 불특정 다수에게 무차별 발송한 뒤, 이 문자에 첨부된 링크를 클릭하면 악성코드가 피해자 휴대전화에 설치되도록 했다. 조직은 택배 사칭 문자에 송장 번호까지 첨부하는 등 치밀함을 보였다. 한번 악성코드가 설치되면, 휴대전화에 담긴 피해자의 모든 개인정보가 피싱 조직으로 넘어가는 구조였다. 조직은 각종 정보를 활용해 피해자가 모르는 사이 돈을 계좌이체 했다. 이들은 검사를 사칭해 “당신의 계좌가 80억원 상당의 사기 범행에 이용됐다” 등 말로 속여 돈을 편취하기도 했다. 이들 피싱 조직은 이 같은 수법으로 지난 5월 16일부터 7월 8일까지 14명으로부터 5억원 상당을 가로챈 것으로 조사됐다. 경찰은 인출책인 A씨 등 2명을 검거한 뒤 이 사건 전체를 기획하고 실행한 중국의 피싱 조직 총책을 특정, 인터폴에 적색수배를 요청했다. 이 밖에 A씨 등에게 통장을 빌려주고, 인출 금액의 10% 상당을 받기로 약속한 B씨 등 2명을 입건했다. 경찰은 “스미싱 피해를 예방하기 위해서는 택배나 청첩장, 건강보험 등 모르는 문자를 받는 경우 절대 첨부된 링크를 열어보지 말아야 하며, 만일 열어봤을 경우 백신으로 검사하거나 휴대전화를 초기화할 것을 권장한다”고 했다. 그러면서 “특히 개인정보가 언제든지 유출될 수 있는 만큼 휴대전화에 개인 신분증 사진이나 금융정보를 저장하지 않도록 주의해야 한다”고 했다. Copyright © 조선일보. 무단전재 및 재배포 금지. 조선일보에서 직접 확인하세요. 해당 언론사로 이동합니다. 2급수 이상 물에만 사는데… 청계천 복원 20년만에 발견된 ‘이 물고기’ 中 “2025년 제조업 석권” 그 위협, 현실 됐다 반도체·배터리·로봇… 中과 6개 분야서 혈투 베이징서 택시 부르니, 2분 만에 무인 전기차 왔다 ‘법관 증원’ 목소리 있지만… 시기·내용·방식 부적절 한발 물러선 민주… ‘대법관 100명·비법조인 임용’ 철회 내일 단일화 데드라인…‘ㄷ’ 자 근처도 못 갔다 김문수 손잡고 연단 등장한 한동훈 “무능한 이재명 세상 막아야” 뜬구름 잡는 AI 전략뿐… 오히려 제조업 옥죄는 공약도 이준석 “안보·전략·사회 3명의 부총리 두겠다… 전문가 등용”"
"[단독] ""500만 원 예치하면 삼성전자 주식 3주""…증권사 사칭 신종 피싱",https://n.news.naver.com/mnews/article/057/0001786771?sid=101&lfrom=kakao,2023-12-26,"【 앵커멘트 】 증권사를 사칭해 피해자들에게 돈을 받고 잠적한 신종 금융사기가 드러났습니다. 이들은 증권사 계좌에 500만 원을 입금하면, 삼성전자 주식을 공짜로 주겠다고 홍보했는데, 인터넷 홈페이지는 실제 존재하는 금융사 이름을 베껴 투자자들을 감쪽같이 속였습니다. 박규원 기자가 단독 취재했습니다. 【 기자 】 새로운 증권사가 출범했다며, 유튜브에 올라온 홍보영상입니다. ""삼성전자 주식증정 이벤트! 첫 계좌 개설 후 500만 원 입금 시 삼성전자 주식 3주를 지급하고 있습니다."" 신규 증권사에 계좌를 만들고 돈을 넣으면 삼성전자 주식을 무료로 주겠다는 파격적인 조건입니다. 증권사 이름도 OK 금융그룹을 연상시키는 OK 증권으로 만들어 투자자들을 속였습니다. ▶ 인터뷰 : 금융사기 피해자 - ""입금해야 되는가 보다 하고 누르고 나서 아차 싶은 거예요. 출금 자체가 안 돼서, 검색해봐도 아무리 봐도 OK 증권이라는 곳이 없어서…."" 이들은 실제로 OK 저축은행이 금융지주를 출범시키고 증권사 인수를 검토하고 있는 상황을 이용했습니다. 피해자들이 500만 원 가량을 입금하면, 출금을 막은 뒤 결국 사이트를 폐쇄했습니다. ▶ 스탠딩 : 박규원 / 기자 - ""사기에 이용했던 온라인 사이트입니다. 색상과 로고가 실제 금융회사와 매우 유사한데요. 이를 이용해 소비자들의 신뢰를 얻고 현혹했습니다."" 상황을 알게 된 OK 금융그룹은 OK 증권은 없다며 속지 말 것을 당부했습니다. ▶ 인터뷰 : OK 저축은행 관계자 - ""유튜브도 다 내렸고 홈페이지 폐쇄했고 저희 다 신고하고 그렇게 하고 있습니다."" 경찰은 신종 피싱 사기로 보고, 정확한 피해액수를 파악 중인 것으로 알려졌습니다. 전문가들은 과도하게 조건이 좋은 상품의 경우 의심해 보는 습관이 필요하다고 지적했습니다. MBN 뉴스 박규원입니다. 영상취재 : 김영진 기자 영상편집 : 오광환 그 래 픽 : 이새봄 # MBN #금융사기 #증권사 #사칭 #삼성전자 #박규원기자"
텔레그램 메신저 업데이트 사칭 메시지를 통한 피싱 주의 권고,https://www.boho.or.kr/kr/bbs/view.do?searchCnd=&bbsId=B0000133&searchWrd=&menuNo=205020&pageIndex=1&categoryCode=&nttId=71132,2023-07-21,□ 개 요 o 텔레그램 메신저 등을 통한 피싱 시도가 빈번하게 발생하고 있어 전화번호 등 개인정보 유출과 악성앱 감염 등 2차 피해로 연계되지 않도록 사용자 주의 권고 □ 주요 내용 o 텔레그램 메신저 보안 업데이트 내용으로 속여 외부 피싱사이트 접속을 유도해 개인정보를 입력 하도록 하는 사례 확인 < 텔레그램 업데이트 사칭 메시지 > < 메시지 내 링크 클릭 시 개인정보 입력 유도 > □ 대응 방안 o 텔레그램 사칭 피싱 예방 방법 - 메시지 수신 시 출처가 불분명한 사이트 주소는 클릭을 자제하고 바로 삭제 - 출처가 불분명한 메시지 수신 시 첨부파일 다운로드 및 열람 금지 - 의심되는 사이트 주소의 경우 정상 사이트와의 일치여부를 반드시 확인하여 피해 예방 - 바이러스 백신 업데이트 및 수시 검사 - 메신저 접속 시 ID/PW외 추가 2차 인증 설정* 권고 * 2차 인증 설정 방법 : 설정 > 개인 정보 및 보안 > 2단계 인증 활성화 - 계정 탈취가 의심되는 경우 주 사용 기기를 제외한 모든 기기에서 로그아웃 권고 * 확인 방법 : 설정 > 개인 정보 및 보안 > 기기들 메뉴에서 현재 접속된 모든 기기 확인 및 로그아웃 가능 o 피싱메시지 수신 시 대응 방법 - 피싱메시지 수신 시 한국인터넷진흥원 118로 즉시 신고 - 악성앱(악성코드) 설치 등 의심되는 경우 한국인터넷진흥원 내PC·모바일 돌보미* 서비스로 자가진단 * 진단 방법 : 보호나라( www.boho.or.kr) 사이트 방문 > 정보보호 서비스 > 서비스 신청하기 > 내 PC·모바일 돌보미 > 자가진단 수행 □ 기타 문의 o 한국인터넷진흥원 인터넷침해대응센터 : 국번없이 118 □ 작성 : 침해대응단 상황관제팀 페이스북 트위터 네이버밴드 카카오톡 네이버 공유하기 닫기 페이스북 트위터 네이버밴드 카카오톡 네이버 링크복사
"해외결제·카드사 사칭…""휴가철 보이스피싱 주의하세요""",https://newsis.com/view/?id=NISX20230713_0002374963&cID=15001&pID=15000,2023-07-20,"금융당국, 민관합동 대응 가동…보이스피싱 예상 사례 전파 [서울=뉴시스]민관합동 보이스피싱 신속대응체계를 활용한 신종사기 수집·전파 체계도. (자료=금융위원회 제공) *재판매 및 DB 금지 [서울=뉴시스] 김형섭 기자 = #. A씨는 모 카드사 콜센터 직원을 사칭한 사기범의 전화를 받았다. 사기범은 본인인증을 위해 필요하다며 ARS 음성 안내멘트를 통해 비밀번호 앞 두 자리 입력을 요구했고 A씨는 이를 입력했다. 얼마 후 A씨는 자신의 명의로 핸드폰이 개통됐다는 문자메시지를 받았고 은행계좌에서 돈이 빠져나가는 피해를 입었다. #. 평소 해외직구를 사용해 물품을 구매하던 B씨는 사기범이 전송한 해외구매 승인내역 문자메시지에 기재된 구매내역 확인 링크를 클릭했다. B씨 휴대전화에는 악성 앱이 설치돼 스마트폰에 저장돼 있던 신분증 등 개인정보가 유출됐다. B씨는 비대면 대출승인, 계좌이체 등을 통해 재산상 피해를 입었다. 씀씀이가 커지는 여름 휴가철을 앞두고 다양한 수법의 보이스피싱이 기승을 부릴 것으로 예상되자 금융당국과 금융권이 합동 대응에 나섰다. 금융위원회와 금융감독원은 13일 ""여름 휴가철을 앞두고 예상되는 보이스피싱 사례 및 대처요령을 민관합동 대응체계를 통해 전 금융권에 전파했다""고 밝혔다. 금융당국은 10개 금융업권 소속 금융회사 본점 352개, 영업점 1만7934개와 신종 사기수법을 신속히 수집하고 전파해 적극 대응할 수 있는 체계를 구축한 상태다. 또 금융당국은 협회·중앙회 사이 원활한 양방향 소통이 가능하도록 전담창구를 지정하는 등 실시간 소통 채널도 가동했다. 금융당국에 따르면 카드사 등을 사칭한 보이스피싱에 속지 않기 위해서는 본인이 요청하지 않은 본인인증에는 절대 응하지 말아야 한다. 카드 비밀번호 같은 민감한 금융정보를 요구받을 때는 특히 신중을 기해야 한다. 해외결제 문자를 받았을 때도 기재된 콜센터 번호가 정상적인 금융회사나 쇼핑몰 번호인지 인터넷 공식 홈페이지 등을 통해 확인하고 상담원이 출처가 불분명한 앱 설치나 URL 주소 클릭을 유도할 경우 절대 응하면 안된다. 금융당국은 자녀나 부모를 납치했다며 가족의 안전을 빌미로 금전을 요구하고 당황한 피해자로부터 피해금을 가로채는 보이스피싱 수법에 대한 주의도 당부했다. 실제 최근 보이스피싱 사기범이 피해자에게 전화해 ""아들이 지하철에서 칼을 맞고 지하실에 감금돼 있으니 시키는대로 하면 병원에 보내서 치료해주겠다""며 피해자를 협박하고 기프트카드와 계좌이체 등을 통해 돈을 가로챈 일이 있었다. 납치 전화를 받은 경우 조용히 가족 본인 혹은 지인에게 연락해 안전을 확인하고 돈을 보냈다면 금융사나 금감원 콜센터로 즉시 전화해 해당 계좌에 대한 지급정지를 요청해야 한다. 또 금융당국은 최근 유행 중인 ▲청첩장·돌잔치 가장 보이스피싱 ▲금융회사 유튜브 및 카카오톡 채널 사칭 ▲택배회사 혹은 정부정책을 빙자한 보이스피싱 등 신종 사례에 대해서도 소비자경보 발령과 영업점 사례 전파 등을 진행하고 있다. 금융당국 관계자는 ""신속대응체계를 통해 신종사기 정보수집을 강화하고 사기수법의 내용, 사안의 시급성 및 피해규모 등을 종합적으로 고려해 신속전파, 금융권 공동 대처, 종합대책 수립 등의 대응에 나설 예정""이라고 전했다. ◎공감언론 뉴시스 ephites@newsis.com"
“모바일 청첩장 눌렀다가 나도 모르는 대출이…” 신종 보이스피싱 주의보,https://www.donga.com/news/Economy/article/all/20230713/120221797/1,2023-07-20,강우석 기자 구독
추석 연휴 앞두고 기승 부리는 문자사기 '상품권 피해 주의보',https://www.newsquest.co.kr/news/articleView.html?idxno=100337,2022-09-20,"정보유출 목적으로 택배 배송, 안부인사 등 다양한 방식 동원 유효기간 짧은 상품권 판매 후 환급 거부 사례도 적발 가족‧지인 사칭할 경우 상대방의 정확한 신원 꼭 확인해야 【뉴스퀘스트=김민수 기자】 서울에 거주하는 60대 여성 A씨는 얼마 전 황당한 문자를 받았다. 가정주부인 A씨에게 ‘추석 결제대금 입금 내역 확인 요망’이라는 내용이었다. A씨는 ""식당과 같은 개인사업을 하고 있다면 모를까 나와는 전혀 상관없는 내용이라 바로 삭제했다""며 ""아직도 이런 문자사기를 치는 사람이 있다는 게 신기하다""고 헛웃음을 보였다. 그러나 A씨는 만약 자녀의 이름이 들어가 있는 ‘명절맞이 상품권 배송’과 같은 문구가 담긴 문자를 받았을 경우 마음이 흔들릴 것 같다고도 전했다. 그는 ""주변에서도 스마트폰으로 상품권, 선물 교환권을 주고받는 경우가 흔하다""며 ""남편, 자녀, 친구 이름이 있다면 한번쯤 눌러볼 듯싶다""고 말했다. 스미싱 범죄 관련 이미지 [사진=픽사베이] ◇ 명절인사부터 공공기관‧지원금 사칭 등 다양한 사례 적발 민족 최대의 명절인 추석 연휴가 다가오면서 문자사기, 상품권 피해 사례가 늘고 있다. 매년 이맘때쯤 관련 피해를 당한 사람들이 여러 명 나오면서 정부당국도 대책 마련에 나서고 있지만, 아직까지는 개인 스스로가 주의를 기울여야 한다는 주장이 설득력을 얻고 있다. 6일 금융당국, 소비자원에 따르면 추석 연휴를 앞두고 각종 금융거래를 사칭해 개인정보 등을 탈취하려는 범법 행위가 늘고 있다. 실제로 금융감독원 등 관계부처가 합동으로 조사한 최근 3년 동안 ‘명절 기간 스미싱 신고(접수)‧차단 현황’을 보면 설날과 추석에 발생하는 비율이 전체 건수의 약 42.2%를 차지했다. 특히 가장 최근인 2021년에는 전체 20만 2276건 중 절반이 넘는 10만 2097건이 명절 기간에 발생한 것으로 조사됐다. 문자메시지(SMS)와 피싱(Phishing)의 합성어인 스미싱은 특정 주소가 포함된 문자를 전송해 이용자가 악성 애플리케이션을 설치하거나, 전화를 하도록 유도해 금융‧개인정보 등을 탈취하는 수법을 뜻한다. 이와 같은 스미싱은 보이스피싱, 전자상거래 사기 등에 활용되면서 국민들에게 금전적‧정신적 피해를 끼치고 있다. 문제는 스미싱이 사회적 분위기에 발맞춰 진화하는 형태를 보이고 있다는 점이다. 대표적인 예로 코로나19 사태가 장기화되면서 한때 관련 지원금을 받을 수 있다는 문자가 기승을 부리기도 했다. 금융당국이 공개한 스미싱 사례를 보면 △추석 명절 사칭 △택배 사칭 △지원금 사칭 △공공기관 사칭 △백신 관련 사칭 △지인 사칭 등 여러 가지 형태가 발견되고 있다. “엄마, 딸인데, 핸드폰 액정이 깨져서 대리점에서 임시 폰 받았어. 전화통화 안되니까 카톡 친구 추가해줘” 등 모성애를 자극하거나, “상품 거래번호는 틀려서 보낼 수 없습니다. 앱 다운로드 다시 확인해주세요”와 같은 궁금증을 유발하는 내용이 대부분이었다. 스미싱 관련 피해를 막기 위해 방송통신위원회는 SKT, KT, LGU+ 이동통신3사와 공동으로 피해예방을 위한 유의사항을 문자메시지 발송을 통해 안내하기도 했다. 금융감독원은 “택배 조회, 명절 인사, 모바일 상품권‧승차권‧공연예매권 증정‧지인사칭 문자에 포함된 출처가 불명확한 인터넷주소(URL) 또는 전화번호를 누르지 말아야 한다”고 강조했다. 이어 “대화 상대방이 개인·금융정보나 금전을 요구하거나, 애플리케이션 설치를 요구하는 경우 반드시 전화, 영상통화 등으로 상대방을 정확하게 확인해야 한다”고 덧붙였다. 10대 스마트폰 보안수칙 [출처 = 과학기술정보통신부, 한국인터넷진흥원] ◇ “유효기간이 벌써 지났어요?”…환급 요구는 ‘정색’ 추석 연휴를 앞두고 주의해야 할 점은 스미싱 뿐만이 아니다. 택배, 상품권 거래와 관련한 소비자 피해도 늘고 있는 것으로 나타났다. 한국소비자원과 공정거래위원회가 최근 3년 간 택배 관련 소비자 피해를 조사한 결과, 추석 연휴가 포함된 9월과 10월에 약 17.9%가 몰려있었다. 상품권 거래도 9월과 10월에 피해구제 건수 신청 비율이 전체 기간 대비 약 15.4%가 집중된 것으로 조사됐다. 택배 관련 주요 피해 사례로는 물품 파손‧훼손, 분실, 배송 지연, 오배송이 지적됐다. 상품권 피해 사례는 유효기간 경과로 인한 사용 거부, 상품권 잔액 환급 거부 등이 대부분이었다. 특히 추석과 같이 상품권 수요가 집중되는 시기에는 높은 가격 할인을 미끼로 대량 구입, 현금 결제 등을 유도하는 경우가 많기 때문에 사기를 당하지 않도록 주의가 필요하다. 피해를 막기 위해서는 상품권 구매 전 유효기간, 환급규정, 사용 조건 등을 반드시 확인하고 구매 후에는 기간 내에 사용하는 것이 바람직하다. 이 중 모바일상품권은 지류형상품권에 비해 유효기간이 짧은 경우가 많으므로 기간 내 사용할 수 있도록 더욱 신경을 써야 한다. 만약 소비자 피해가 발생했다면 모바일 애플리케이션 ‘소비자24’ 또는 전화 ‘1372소비자상담센터’(국번 없이 1372)를 통해 거래내역, 증빙서류 등을 갖춰 상담 또는 피해구제를 신청할 수 있다. 소비자원은 “메신저로 가족‧지인 등을 사칭하며 상품권 대리구매를 요청하는 경우가 있는데 반드시 가족‧지인에게 전화로 사실을 확인한 후 구매해야 한다”고 조언했다. 관련기사 하나은행, 금융감독원과 함께 '보이스피싱 예방 라이브 방송' 신한은행, 금융권 최초 '오픈뱅킹 피해예방 대책' 시행 ""갤럭시폰서 보이스피싱 원천 차단""...삼성전자, 보안솔루션 공개 명절 기분 잡치는 택배불만 증가…구제신청 연평균 100건 서민 울리는 불법금융광고…최근 5년 새 269만건 적발 ‘근절 대책’ 시급 키워드 #스미싱 #추석 #택배 #상품권피해 #금융감독원 #한국소비자원 #공정거래위원회 #지인사칭 김민수 기자 kms@newsquest.co.kr 다른기사 보기 저작권자 © 뉴스퀘스트 무단전재 및 재배포 금지"
대출 받으려다 범죄자 된다?...신종 보이스피싱 확산,https://www.digitaltoday.co.kr/news/articleView.html?idxno=458529,2022-09-20,"[사진: 셔터스톡] [디지털투데이 강진규] 대출사기와 보이스피싱을 연계한 신종 범죄가 확산되고 있어 주의가 요구된다. 기존 대출사기는 수수료 명목으로 돈을 갈취하는 방식이었는데 최근 보이스피싱으로 피해자의 돈을 입금하는 신종 수법이 등장했다. 24일 법조계와 수사기관 등에 따르면 대출을 받으려다가 보이스피싱에 가담한 혐의를 받는 사람들이 늘고 있다. 지난달 대출을 알아보던 A씨는 금융회사를 사칭해 대출을 해준다는 전화를 받았다. 사기범들은 A씨에게 저금리로 1000만원을 대출해주는 대신 계좌로 입금하는 돈의 일부를 다른 계좌로 이체해 줄 것을 요구했다. A씨는 대출을 신청했고 계좌로 돈을 입금 받았다. A씨는 입금 받은 돈 중 약속한 돈을 다른 계좌로 이체했다. 그런데 얼마 후 은행으로부터 A씨는 자신의 계좌가 사기에 연루됐다며 이용정지 통보를 받았고 경찰로부터 보이스피싱에 가담한 혐의를 받고 있다는 전화를 받았다. 또 최근 급전이 필요했던 B씨는 소셜네트워크서비스(SNS) 등을 통해 본 곳에서 500만원 대출을 신청했다. 사기범은 B씨에게 500만원 대출을 해주는 대신 600만원을 입금할테니 이중 100만원을 출금해 다른 계좌로 무통장입금해줄 것을 요청받았다. B씨는 600만원을 입금 받은 후 100만원을 출금해서 바로 보냈다. 그런데 은행과 경찰로부터 보이스피싱에 연루됐다는 통보를 받았다. 관계자들에 따르면 사기범들은 A씨, B씨의 사례처럼 저금리 대출을 미끼로 입금 계좌와 전달책을 확보하고 있다. 이후 보이스피싱 범죄를 통해 피해자의 돈을 대출을 원하는 사람의 계좌로 보내도록 하는 것이다. 그리고 대출자에게서 돈을 받아서 사라지고 있다. 기존에 대출사기, 보이스피싱 사기범들은 다른 방식을 사용했다. 대출사기범들은 대출을 미끼로 수수료와 개인정보를 갈취하는 수법을 활용했다. 또 보이스피싱 범죄자들은 대포통장을 이용하거나 아르바이트 명목으로 포섭한 사람들을 수금책으로 이용했다. 그런데 이런 방식이 널리 알려지면서 수사기관, 은행 등의 대응이 강화됐다. 또 돈을 받아서 입금하는 방식의 아르바이트가 보이스피싱에 가담하는 것이라는 인식도 확산됐다. 실제로 지난달 말 고용노동부와 대검찰청 등은 청년 구직자 등이 보이스피싱에 연루되지 않도록 협력하기로 했다. 그리고 8월 10일 고용노동부는 주요 직업정보제공업체 관계자들과 간담회를 개최하고 대책을 마련하기로 했다. 이런 움직임에 사기범들은 보이스피싱으로 갈취한 돈을 대출이 필요한 사람에게 입금하도록 한 후 돈을 가져가는 새로운 방식을 만든 것이다. 이로 인해 대출을 받으려던 사람들은 대출도 받지 못하는 것은 물론 보이스피싱 범죄에 가담한 혐의까지 받고 있다. 자신이 대출사기 피해자임에도 가해자로 몰리고 있는 것이다. 이같은 수법에 따른 피해가 구체적으로 집계되지는 않았지만 계속 사례가 늘고 있는 것으로 알려졌다. 최근 보이스피싱 등이 다시 기승을 부리고 있어 더 우려되는 상황이다. 23일 경찰청 국가수사본부는 전화금융사기(보이스피싱) 피해자 현황을 공개했다. 경찰청 자료에 따르면 올해 1월~7월 사이 기관사칭형 보이스피싱 피해자는 5232명이 발생했으며 대출사기형 피해자는 8965명이나 확인됐다. 전문가들은 인터넷 광고나 전화 등을 통한 저금리 대출 광고에 현혹돼서는 안 된다고 지적한다. 특히 대출 수수료 등을 요구하는 경우 불법대출, 금융사기로 인식해야 하며 입금한 돈을 다른 곳으로 이체해달라는 요구에도 응해서는 안 된다고 조언한다. 목에 난 쥐젖, '이것' 모르면 턱 밑까지 번진다 ( 14년차... 이거 진짜 제발 조심하세요 14년차 청담피부관리사의 블로그 더 알아보기 돌아가기 Taboola 후원링크 Taboola 후원링크 강진규 기자 viper@d-today.co.kr 키워드 #보이스피싱 #대포통장 #대출사기 저작권자 © 디지털투데이 (DigitalToday) 무단전재 및 재배포 금지 SNS 기사보내기 공유 이메일 기사저장 관련기사 카카오뱅크, 금융사기 피해 예방 영상 공개 ""출국금지 됐습니다""...해외여행객 노린 피싱 주의보 보이스피싱 정부 합동수사단 출범…“특단의 대책 필요” 러시아·우크라이나 사태 악용 금융사기·해킹 주의보 가상자산 수사 속도 높인다...경찰, 5대 거래소 지갑주소 확인 추진 코인원 ""선제 조치로 3억 규모 보이스피싱 피해 막았다"" 기지개 펴는 해외여행...피싱·해킹 우려도 고조 통신사 개통 회선수 3회선 제한...보이스피싱 예방 '안심마크' 문자 도입"
[컨슈머 Q&A] 잘못 온 택배 열어보니 빈 상자? … 신종 택배 사기 주의,https://www.womancs.co.kr/news/articleView.html?idxno=78871,2022-09-19,독자들의 슬기로운 소비생활을 위해 우먼컨슈머가 검사의 피해구제 사례를 재구성해 케이스별로 안내해드립니다. 해결되지 않는 피해사례가 있다면 우먼컨슈머 소비자제보를 통해 문의해주세요. Q 우리 집으로 택배가 잘못 왔는데 반복적으로 계속 옵니다. 계속 반송하다가 너무나 이상한 점이 있어서 경찰서에 신고하고 택배를 열어봤는데 빈 상자입니다. 이럴 때는 어떻게 해야 하나요? A 요즘엔 코로나의 영향으로 택배가 많이 늘어나고 있습니다. 한국통합물류협회에서 올해의 택배 현황을 파악해 보니 국민 1인당 한 해 70.3회 택배를 받는 것으로 나타났습니다. 택배 상자에는 운송장이 붙어있는데 거기에는 전화번호를 비롯해 개인정보가 많이 들어있습니다. 그 운송장을 보고 스토킹을 한 다음에 범죄를 저지르는 사건 등이 많이 발생하고 있습니다. 조금이라도 사고를 미연에 방지하기 위해서는 택배를 받고 나서 운송장은 반드시 갈기갈기 찢어서 버리는 것이 좋습니다. 잘못 온 남의 택배를 함부로 열면 형법상 비밀침해죄에 해당합니다. 반드시 택배회사에 연락해서 반품 신청을 하는 것이 좋습니다. 최근에 보이스피싱 범인들이 주소만 알고 인적 사항을 전혀 모르기 때문에 빈 상자를 보내서 연락을 유도한 다음에 일단 목소리로 남자인지 여자인지 알고 이름도 물어보고 인적 사항을 확인해서 그 정보로 사기를 치는 데 활용하는 것으로 밝혀졌습니다. 또는 마약이 든 택배를 보내서 연락이 오면 다른 곳으로 가져다 달라고 유인해 마약 전달책으로 활용하는 수법도 등장하고 있습니다. 이상하다 싶으면 반드시 경찰에 신고하는 것이 안전하다 하겠습니다. (답변 =임채원 서울동부지검 중요경제범죄조사단장) 우먼컨슈머 = 임기준 기자 이메일(으)로 기사보내기 페이스북(으)로 기사보내기 트위터(으)로 기사보내기 카카오스토리(으)로 기사보내기 URL복사(으)로 기사보내기 키워드 #소비자Q&A #택배 #사기 #임기준 임기준 yhkmadang@naver.com 다른기사 보기 저작권자 © 우먼컨슈머 무단전재 및 재배포 금지
생성형 인공지능(AI) 활용 신종 '보이스피싱' 확산,https://newsis.com/view/?id=NISX20230615_0002340652&cID=10201&pID=10200,2023-07-20,"3초면 목소리 복사하는 AI…지인 사칭 보이스피싱에 악용 [서울=뉴시스]생성형 AI를 활용한 목소리 모방 신종 보이스피싱이 확산되고 있다. [그래픽] *재판매 및 DB 금지 [서울=뉴시스]박예진 인턴 기자 = 특정인 목소리를 감쪽같이 복제하는 생성형 인공지능(AI)이 보이스피싱에 활용되면서 피해 사례가 늘고 있다. 지난 13일(현지시간) 악시오스(AXIOS) 등 외신은 ""생성형 인공지능(AI) 기술의 발달로 타인의 목소리를 복제해 보이스피싱에 악용하는 것이 점점 더 쉬워지고 있다는 연구 결과가 발표됐다""고 전했다. 미국 컴퓨터 바이러스 백신 업체 맥아피(McAfee)는 ""생성형 AI를 사용할 경우 3초 분량의 목소리 샘플만 있어도 이를 완벽히 복제해 특정인 말투, 문장 등을 구현할 수 있다""고 말했다. 이 때문에 미국에서는 금융당국 등을 사칭하던 보이스피싱 조직이 이제는 범죄 대상자의 지인을 사칭하고 있다. 가족, 친구, 연인 등의 목소리를 구현한 생성형 AI로 교통사고, 강도 등 급한 상황이 생겼다면서 돈을 보내달라고 요구하는 식이다. 미리 준비한 말을 일방적으로 전달하는 것을 넘어 생성형 AI로 복제한 목소리로 실시간 대화를 할 수도 있다고 악시오스는 전했다. 생성형 AI 관련 애플리케이션(앱) 등을 활용하면 보이스피싱 범죄자가 입력하는 문장을 AI가 즉시 목소리로 구현한다는 설명이다. 실제 맥아피가 올해 1월 27일∼2월 1일 사이 전 세계 18세 이상 성인 7000명을 대상으로 조사한 결과 응답자의 70％는 AI로 구현된 목소리와 실제 목소리를 구별할 수 없다고 답했다. 이런 상황에서 사람들은 AI 보이스피싱에 감쪽같이 속고 있다. ◎공감언론 뉴시스 yejin0613@newsis.com"
'이상거래탐지시스템'도 무력화시키는 신종 도용 수법 기승....카드사마다 고도화 박차,https://www.consumernews.co.kr/news/articleView.html?idxno=658260,2022-09-19,기획 & 캠페인
"""저금리 대환대출 받으세요""…잇단 정부 금융지원책에 '피싱사기 주의보'",https://www.ajunews.com/view/20220814235727560,2022-09-19,"이미지 확대 [사진=아주경제] # 30대 직장인 A씨는 최근 뜬금없는 문자 한 통을 받았다. 정부가 공급 중인 '근로자 및 소상공인 방역지원금' 지원대상에 자신이 포함돼 있고 승인이 되었으니 마감되기 전에 신청만 하면 된다는 것이었다. A씨는 요즘과 같은 금리 상승기에 대출금리가 연 1%대라는 점에서 잠시 관심을 갖고 문자를 살펴보았으나 별도로 대출 신청을 한 적도 없는 데다 소득이 줄어들거나 소득 감소 위기에 있지도 않은 만큼 이내 피싱문자라는 사실을 직감했다. 그는 ""구비서류도 명확하게 알려주지 않고 신청 마감일도 당일로 촉박하게 줘서 연락을 유도하려는 것처럼 보였다""며 ""내용이 그럴싸해 속아서 연락하는 이들도 적지 않을 것 같다""고 황당해했다. 금리 상승기를 맞아 금융소비자들이 이용 중인 대출금리 부담이 높아진 가운데, 저금리 정부지원 대출이나 기존에 보유하고 있던 고금리대출을 낮은 금리의 대출로 갈아타게 해주겠다고 속여 돈이나 개인정보를 가로채는 피싱사기가 여전히 기승을 부리고 있는 것으로 나타났다. 15일 금융당국에 따르면 정부는 최근 코로나19로 피해를 본 개인·법인사업자의 고금리대출을 최고 연 6.5%대의 보증부대출로 바꿔주는 '자영업자·소상공인 대환 프로그램'을 발표했다. 연체 소상공인의 부채를 최대 90%까지 탕감해주는 '새출발기금', 변동금리 주담대를 연 3%대 고정금리로 갈아탈 수 있는 '안심전환대출'도 시행을 앞두고 있다. 정부의 금융지원정책에 발맞춰 이들을 유인하려는 각종 피싱 문자들도 잇따르고 있다. 사기범들은 앞선 사례대로 본인이 신청하지도 않은 허위 대출상품의 승인 대상자로 선정됐다는 내용의 문자를 발송하고, 은행에서 자금을 취급한다며 제도권 금융회사를 사칭하는 사례도 발생하고 있다. 수신자를 특정해 개별 발송한 것처럼 보이지만, 실제로는 불특정다수를 대상으로 무작위 발송된 것으로 파악된다. 관련기사 안랩, 대선 관련 설문조사로 위장한 피싱 문자 주의 당부 소비자원 ""SKT 유심 해킹 악용한 피싱·스미싱 문자 주의"" 사기범들은 배포한 문자를 토대로 자금이 필요한 이들의 이름과 연락처, 대출현황 등 개인정보를 남기도록 한 뒤, 해당 정보를 본격적인 보이스피싱 사기에 활용하는 수법을 사용하고 있다. 또한 해당 문자를 거부하기 위한 무료 수신거부 번호 역시 모두 사기범에게 연결돼 개인정보 탈취 수단으로 악용되고 있다. 이 같은 피싱사기 문자는 코로나에 따른 사회적 거리두기가 강화됐던 지난해부터 소상공인 지원금 등 각종 자금 지원에 발맞춰 횡행해 당시 금감원이 소비자경보를 발령하기도 했다. 당국 관계자는 ""정부나 금융회사에서 절대 먼저 전화나 문자, SNS를 통해 재해 피해 대출상품을 권유하지 않는다""며 ""대환 등 대출알선을 빙자한 자금이체 요청이나 개인정보 제공은 무조건 거절하고, 사기범과 통화하거나 답장문자를 보내 상담을 요청하지 말아야 한다""고 강조했다. 이어 그는 ""만약 그러한 연락을 받는다면 즉시 전화를 끊고 문자를 삭제해야 한다""고 강조했다. #금융지원 #피싱 #피싱사기 좋아요 0 나빠요 3 배근미 기자 athena3507@ajunews.com 기자의 다른기사 ©'5개국어 글로벌 경제신문' 아주경제. 무단전재·재배포 금지"
"[단독] ""신종 사기 수법""…900만원 카드 결제, 한 달 후에나 알았다",https://www.hankyung.com/economy/article/202209013932i,2022-09-19,"현대카드 소비자 여러 명이 최근 쿠팡·11번가 등 유명 국내 온라인 쇼핑몰에서 자신도 모르는 사이 수백만원이 결제되는 부정사용 사고를 겪었다. 현대카드는 소비자에게 청구된 결제 대금을 취소 또는 유예하고 경찰에 수사를 의뢰했다. 일부 소비자는 금융감독원에 민원을 제기해 금감원이 경위 파악에 나섰다. 1일 한국경제 취재를 종합하면 현대카드 소비자 9명은 지난 7월 쿠팡·11번가·텐바이텐·옥션·지마켓 등 온라인 쇼핑몰에서 본인도 모르는 사이 신용카드로 수백만 원이 결제됐다며 현대카드와 금감원에 민원을 제기했다. 현재 카드사 측이 확인한 피해금액은 약 5000만 원이다. ADVERTISEMENT 부정사용이 발생한 시기는 대부분 7월 초로 4~5일간 많게는 20여 건에 걸쳐 총 800~900만 원이 결제된 사례도 있었다. 피해자들은 결제가 이뤄질 때마다 스마트폰 앱을 통해 결제 내역을 안내받을 수 있는 '카드이용알림' 기능이 평소와 달리 비활성화되어 있어 피해 사실을 약 한 달 후에나 인지한 것으로 알려졌다. 해외 아닌 국내 쇼핑몰서 일반결제 ""정상거래로 위장한 신종사기 수법"" 현대카드는 이번 사고에 대해 온라인 피싱 사이트를 통해 카드 정보와 일반결제 비밀번호 등을 탈취한 사기범이 이를 결제에 이용했을 가능성이 높다고 보고 있다. 특히 이번 부정사용은 기존 사기 패턴과는 달리 정상 거래로 인식될 여지가 많아 카드사의 이상거래탐지시스템(FDS)에도 걸리지 않았다. ADVERTISEMENT 통상 타인의 결제 정보를 이용한 부정사용은 본인 인증이 허술한 해외 온라인 쇼핑몰이나, 일단 로그인만 하면 추가 인증 절차가 간단한 모바일 간편결제에서 주로 발생한다. 사기범이 구입하는 품목도 현금화가 쉬운 상품권이 대부분이다. 그런데 이번에는 국내 온라인 쇼핑몰에서 PC 일반결제 방식으로 부정사용이 일어난데다, 구입 품목도 구매자가 배송을 받아야 하는 상품으로 알려졌다. 현대카드 관계자는 ""PC 일반결제는 개인이 직접 설정한 복잡한 6~16자리 비밀번호까지 입력해야 해 보안 수준이 가장 높은 결제 방법""이라며 ""일반결제를 이용한 부정사용 사고는 상당히 이례적이어서 FDS를 통한 탐지 및 사전 차단이 쉽지 않았다""고 했다. 그러면서 ""피싱 사기가 진화하면서 이렇게 정상 거래처럼 위장하는 신종 사기 수법까지 나타나고 있는 것으로 보인다""고 했다. 결제 알림 켜놓고 카드정보 관리 철저히 해야 온라인 커머스 업계에 따르면 이처럼 최근 일부 국내 온라인 쇼핑몰에서는 특정 주문자가 가입하자마자 고액 물품을 대거 주문하고는 제3자를 통해 수령하는 방식으로 사기 결제가 의심되는 거래가 늘어나는 추세다. 이번 부정사용 사고가 알려지면서 다른 카드사 소비자들 사이에서도 유사한 피해를 당했다는 민원이 발생하고 있다. ADVERTISEMENT 이례적인 부정사용 사고에 금감원도 경위 파악에 나섰다. 금감원 관계자는 ""모바일 앱카드 간편결제가 아닌 일반결제를 이용한 부정사용 사기는 흔치 않다""며 ""접수된 민원에 대해 사실 관계와 사고 발생 경위 등을 파악하고 개선점이 있는지 확인할 계획""이라고 했다. 카드 소비자들은 자신이 가입한 신용카드사의 결제 알림 기능 활성화 여부와 사용 내역을 철저히 확인하고, 카드 정보 관리에 각별히 유의할 필요가 있다. 금감원 관계자는 ""최근 추석 연휴 직전 택배 배송과 금융 지원 안내 등을 사칭한 스미싱 사기도 급증하고 있다""며 ""출처가 불분명한 온라인 사이트에서 경품 등을 내걸고 카드 정보와 일반결제 비밀번호를 입력하라거나, 인증번호 등을 요구할 경우 절대 응하면 안 된다""고 강조했다. 빈난새 기자 binthere@hankyung.com"
재차 유행하는 이메일 무역사기 ‘스피어 피싱 공격’ 기업 주의 필요,https://www.itbiznews.com/news/articleView.html?idxno=75423,2022-09-19,"사진 = KOTRA(대한무역투자진흥공사): 2020/21 무역사기 발생현황 및 대응방안. 기원테크 KOTRA가 발행한 ‘2020/2021 무역사기 발생 현황 및 대응 방안’ 보고서에 따르면 1년간 무역사기는 135건에 달한다. 이메일 무역 사기는 주로 거래처를 사칭하여 제3의 계좌로 무역 대금을 송금하도록 유도하거나, 랜섬웨어가 설치된 첨부파일을 열람하도록 유도하고 사용자 PC의 파일을 암호화하여 금전을 요구하는 방식이다. 이는 특정 기업을 대상으로 한 ‘스피어피싱 공격’의 한 종류로, 공격자가 사전에 공격 성공률을 높이기 위해서 교묘하게 정보를 수집하고 분석하여 피싱 공격을 수행하는 형태이다. 이 수법은 너무 정교하여 대부분의 기업들은 사기를 인지하지 못하고 당하는 경우가 많아 주의가 필요하다. KOTRA는 “코로나 사태가 정점이던 기간 후에 일부 감소했던 무역사기 신고 건수가 최근 빠르게 증가하고 있다”라고 밝혔다. 최근 노르웨이산 연어와 새우를 수입하는 국내 한 기업은 수입대행 업무를 진행하는 노르웨이 기업으로부터 수산물 송금 계좌가 변경되었다는 이메일을 받은 후, 아무런 의심을 하지 않고 지난 5월 두 차례에 걸쳐 66,440 달러를 송금한 사례가 있다. 이는 ‘스피어피싱 공격’ 중 하나의 피해 사례이다. 공격자들이 장기간 거래 상대방처럼 행동을 하며 구체적인 정보를 입수했고, 수신자는 아무런 의심 없이 송금을 하여 발생한 일이다. 또한 점점 지능화되는 이메일 사기 공격에 이메일 보안 기술도 개발되고 있지만, 교묘하게 속이는 해킹 메일은 현재까지도 기승을 부리고 있다. 특히 이메일 무역 사기는 금전적 피해 규모도 상당히 크기에 다수 기업들은 보안 방안을 찾아야 한다. 사진 – 유사도메인 선별 검사. 기원테크 이와 같은 이메일 무역 사기 피해를 줄이기 위해서는 출처가 불분명한 첨부파일 실행은 자제 해야 한다. 또한 사기성 유사 도메인 선별검사를 통해 악성 메일에 대응하는 것도 하나의 방법이다. 기원테크 김기남 이사는 “최근 이메일 해킹 수법이 날로 정교해지고 있어 사람의 눈으로 분간이 어렵다“며 “기원테크 리시브 가드는 3단계 행위 분석 검사로 신종 악성코드를 검출해 사기 메일에 선제 대응할 수 있다”고 전했다. 무역 기업들은 2022년에도 다양한 사이버 공격에 대상이 될 전망이다. 따라서 사용자들에게 이메일 해킹 공격에 대한 경각심을 노출시키기 위해 악성 메일 모의훈련을 실시하는 것도 하나의 방법이 될 것이다. 기원테크 또한 “나날이 치밀 해지는 글로벌 지능형 이메일 공격에 대응하기 위한 솔루션을 꾸준히 업데이트해야 할 것”이라고 당부했다. 김민주 기자 kmj@itbiznews.com 다른기사 보기 저작권자 © ITBizNews 무단전재 및 재배포 금지"
20대도 속수무책 당한 '피싱 문자' 내용 봤더니,http://weekly.chosun.com/news/articleView.html?idxno=21584,2022-09-19,"서울 여의도 국회 본회의장에서 열린 제398회 임시회 5차 본회의에 참석한 한 의원이 메신저 피싱문자에 답하고 있다. photo 뉴시스 (공동취재사진) 보이스피싱 수법이 날로 고도화되고 있다. 나이와 성별, 직업에 따라 각기 다른 수법을 적용해 노인들뿐만 아니라 20대 마저도 속수무책으로 당하는 상황이다. 12일 KB국민은행의 ‘금융사기 피해 상담 데이터’를 분석한 결과에 따르면 보이스피싱 수법이 연령대별 생애주기적 특징을 악용하는 방식으로 진화하고 있는 것으로 나타났다. 우선 보이스피싱의 주요 표적이 되는 고연령층은 가족과 지인 등을 사칭해 대포통장으로 이체를 유도하는 '메신저 피싱' 피해가 많았다. ""엄마, 나 휴대폰 액정이 깨졌어"" “엄마 나 친구 폰으로 연락해” 등의 가짜 문자에 속은 60대 여성들의 피해가 컸다. 비교적 피싱 사기를 많이 인지하고 있는 20대도 당했다. 허위 결제 문자에 속아 해킹 애플리케이션(앱)을 설치하게 되고, 개인 정보를 탈취당하는 경우가 많았다. 다른나라 국가번호가 앞에 붙은 번호로 “해외에서 얼마가 결제되었다”는 문자 역시 주의해야 한다. 최근엔 허위 모바일 청첩장의 인터넷 주소(URL)나 경품 당첨 등의 클릭을 유도해서 해킹하는 수법도 늘고 있다. photo KB국민은행 제공 택배사를 사칭하는 수법도 있다. 주소가 정확하지 않아 택배를 보관하고 있다고 속인 후, 해킹 페이지로 접속을 유도하는 방식이다. 이 경우는 50대 여성이 주요 타깃이었다. 상황이 어려운 소상공인을 노리는 보이스피싱도 있었다. 저금리로 대출을 제공한다는 내용으로, 정부나 금융사를 사칭하는 방식이다. 특히 50대 남성의 피해가 컸다. KB국민은행 관계자는 ""보이스피싱 수법별로 피해에 취약한 성별과 연령대가 존재하는 만큼 고객의 연령이나 특성에 근거한 맞춤 대응이 필요하다""고 설명했다. 현재 금융당국은 검찰과 경찰 등이 참여한 보이스피싱 범죄 정부 합동수사단을 통해 보이스피싱 범죄 근절에 나서는 상황이다. 또, 대면편취 사기단계별 종합 대응방안을 마련하고 연령대별 보이스피싱 예방 교육을 확대하는 등 보이스피싱 피해를 줄이기 위해 노력하고 있다. 만약 보이스피싱에 속아 돈을 송금한 경우에는 금융회사의 콜센터와 경찰청(112), 금감원(1332)에 전화해 상대 계좌를 지급 정지해야 피해를 줄일 수 있다. ※주간조선 온라인 기사입니다. 김혜인 기자 다른 기사 보기 기사공유 저작권자 © 주간조선 무단전재 및 재배포 금지 관련기사 美 '인플레 정점론' 논쟁 속 전문가들의 경고 이번엔 부활하나? 특별감찰관실 수난사 이대남과 6070, 尹의 ‘스플릿’ 미션 '민영화' 이재명에 '대장동' 응수한 안철수 ""그런말할 자격 있는지..."" 토요일은 ‘보쌈·족발’, 일요일은 ‘짜장면’ ... 배달 메뉴의 비밀 일몰 보며 해산물 요리...해외여행 안부러운 섬 여행지 3선"
"비대면 파고든 보이스피싱, 계좌 만들어 털어갔다",http://www.ichannela.com/news/main/news_detailPage.do?publishId=000000309545,2022-09-19,"Video Player is loading. Play Video Play Seek back 10 seconds Seek forward 10 seconds Mute Current Time 0:00 / Duration 1:59 Loaded : 6.87% 0:00 Stream Type LIVE Seek to live, currently behind live LIVE Remaining Time - 1:59 1x Playback Rate Chapters Chapters Descriptions descriptions off , selected Subtitles subtitles settings , opens subtitles settings dialog subtitles off , selected Audio Track default , selected Picture-in-Picture Fullscreen This is a modal window. Beginning of dialog window. Escape will cancel and close the window. Text Color White Black Red Green Blue Yellow Magenta Cyan Transparency Opaque Semi-Transparent Background Color Black White Red Green Blue Yellow Magenta Cyan Transparency Opaque Semi-Transparent Transparent Window Color Black White Red Green Blue Yellow Magenta Cyan Transparency Transparent Semi-Transparent Opaque Font Size 50% 75% 100% 125% 150% 175% 200% 300% 400% Text Edge Style None Raised Depressed Uniform Dropshadow Font Family Proportional Sans-Serif Monospace Sans-Serif Proportional Serif Monospace Serif Casual Script Small Caps Reset restore all settings to the default values Done Close Modal Dialog End of dialog window. [앵커] 요즘은 은행 안 가고 ‘비대면’으로 금융거래 많이들 하시죠? 편해지긴 했는데 문제는 사기치기도 편해졌단 겁니다. 본인인증이 허술하다보니 보이스피싱이 극성입니다. 강유현 기자입니다. [기자] 지난달 이 여성의 어머니는 딸을 사칭한 보이스피싱범의 문자 메시지를 받았습니다. ""휴대폰을 고쳐야 한다""며 신분증 사진과 계좌번호, 비밀번호를 보내달라는 내용이었습니다. 링크를 보내 피해자의 휴대전화에 악성코드도 심었습니다. 범인은 휴대전화 원격제어로 저축은행에서 피해자 명의의 비대면 계좌를 만들고 다른 금융사의 계좌를 볼 수 있는 '오픈뱅킹'까지 신청했습니다. 이어 30여 곳에 대출을 신청한 뒤 한 캐피탈사에서 4800만 원을 대출받았습니다. 본인 인증부터 계좌 개설, 대출까지 걸린 시간은 단 40분. [보이스피싱 피해자 딸] ""상상도 하지 못한 일이죠. (캐피탈사에서는) 어머니 명의로 된 대출이기 때문에 갚으라고 하고 있는 상황이고요."" 눈 뜨고 당한 건 금융사의 비대면 본인 인증이 허술하기 때문. 금융위원회 가이드라인에 따르면 비대면 인증을 할 땐 신분증 원본을 촬영해야 합니다. 하지만 시중은행 앱에서 신분증 사본을 다시 촬영해도 인증에 문제가 없었습니다. 신분증 사본으로도 타인 명의로 비대면 계좌를 만들고 대출도 받고, 보험도 해지할 수 있는 겁니다. 본인 인증이 허술하다 보니 보이스피싱에 이용돼 지급 정지를 신청한 '사기 이용 계좌' 수는 2020년 4만 개에서 지난해 5만7천여 개로 42.9% 급증했습니다. 이에 금융위는 이달 중 비대면 계좌를 만들 때 신분증의 진짜 주인이 맞는지 확인하는 안면인식 시스템 도입 방안을 발표할 계획입니다. 또 보이스피싱에 악용되지 않도록 금융회사 앱이 원격제어 상황에서 작동하지 못하게 하는 방안도 대책에 담길 예정입니다. 채널A뉴스 강유현입니다. 영상취재: 이기상 이승훈 영상편집: 형새봄 • 강유현 기자 [yhkang@ichannela.com] • [채널A 뉴스] 구독하기 Copyright Ⓒ 채널A. All rights reserved. 무단 전재, 재배포 및 AI학습 이용 금지"
